brand,category,condition,original_price,resale_price
ARKET,Women's Tops,Like New,7900,5150
Arrow,Women's Tops,Good,1300,500
Abu Jani Sandeep Khosla,Women's Sets,Good,79100,33100
Nike,Men's Outerwear,New with tags,8400,7500
Ralph Lauren,Women's Bottoms,Fair,6500,1500
Global Desi,Men's Tops,Fair,7700,2000
Tribe Amrapali,Women's Tops,Like New,6200,3850
Mango,Men's Bottoms,New with tags,3200,2150
Charles & Keith,Men's Formal,Like New,5400,3450
FabIndia,Women's Bottoms,Like New,6600,4250
Calvin Klein,Women's Dresses,Like New,8400,5600
Monte Carlo,Women's Bottoms,Like New,4100,2500
Reebok,Women's Traditional,New with tags,6500,5850
Marks & Spencer,Men's Tops,Like New,7400,3950
Clarks,Men's Bottoms,Good,9800,3800
Jaypore,Women's Bottoms,Well Loved,4700,450
ARKET,Women's Bottoms,Like New,13800,8350
Local Brand,Jewelry,Good,1750,750
ARKET,Men's Tops,Good,8500,3050
Forever 21,Women's Bottoms,New with tags,3100,2750
Lacoste,Women's Dresses,Like New,10300,6850
Uniqlo,Women's Bottoms,Fair,4100,1100
Sabyasachi,Women's Sets,Good,62300,29000
Puma,Women's Bottoms,Like New,4500,2700
Payal Singhal,Accessories,Good,8800,3650
Calvin Klein,Women's Bottoms,Fair,7900,1750
Uniqlo,Men's Bottoms,Like New,5000,3100
Biba,Women's Tops,Like New,3000,1700
Hidesign,Women's Tops,Good,4900,1550
Under Armour,Women's Tops,Like New,6000,3150
Max,Women's Sets,Like New,1400,800
Forever 21,Women's Outerwear,Like New,3500,2400
Acne Studios,Women's Tops,Fair,42400,8200
Park Avenue,Women's Traditional,Good,2500,1200
ASOS,Men's Outerwear,Fair,1100,350
Manish Malhotra,Accessories,Well Loved,133400,13150
Marks & Spencer,Men's Formal,Well Loved,2600,300
W,Women's Outerwear,Good,4600,2450
Baggit,Women's Bottoms,Like New,5800,3650
Reebok,Women's Tops,Good,4300,1700
Van Heusen,Women's Tops,Like New,4100,2350
& Other Stories,Bags,Good,9600,3500
Thrift,Women's Sets,Like New,550,350
Aldo,Women's Traditional,Good,4100,1900
Anamika Khanna,Women's Tops,Good,26500,9650
Chemistry,Women's Bottoms,Well Loved,4000,600
Tommy Hilfiger,Women's Traditional,Good,5700,3150
Louis Philippe,Women's Tops,Fair,3400,950
Nanushka,Women's Bottoms,Fair,24600,5050
Levi's,Men's Bottoms,Like New,6600,3700
Anita Dongre,Women's Tops,Good,16900,6300
Aldo,Women's Bottoms,Good,6400,2400
Ralph Lauren,Women's Dresses,Fair,13700,2750
Puma,Women's Traditional,Well Loved,6800,750
Clarks,Men's Tops,Like New,8300,5600
Ralph Lauren,Bags,Like New,7400,4950
H&M,Women's Tops,Fair,1800,550
Clarks,Women's Bottoms,Fair,4400,1300
Hidesign,Women's Bottoms,Well Loved,9600,1600
Hidesign,Women's Tops,Like New,9300,6600
Nike,Women's Outerwear,Good,7400,3700
Abu Jani Sandeep Khosla,Women's Tops,Well Loved,42500,6350
COS,Women's Sets,Like New,12700,9100
ARKET,Women's Traditional,Good,8300,3550
Park Avenue,Men's Tops,Well Loved,4700,500
Under Armour,Men's Tops,Good,2700,1150
H&M,Women's Outerwear,Good,2700,1250
Tribe Amrapali,Men's Tops,Well Loved,6100,700
Sabyasachi,Women's Outerwear,Like New,166800,117000
ASOS,Women's Traditional,Like New,2700,2150
Calvin Klein,Men's Tops,Like New,10500,5500
Steve Madden,Men's Tops,Like New,4400,2150
Westside,Men's Tops,Fair,2100,550
Ritu Wear,Women's Dresses,Like New,6400,3900
COS,Men's Bottoms,Like New,12800,7650
Monte Carlo,Women's Bottoms,Fair,2800,800
Monte Carlo,Women's Sets,Well Loved,4600,700
Chemistry,Women's Traditional,Well Loved,2400,350
Biba,Women's Bottoms,Like New,4800,3100
Steve Madden,Women's Bottoms,New with tags,5000,3750
Arrow,Women's Tops,Like New,3000,1600
Only,Women's Traditional,Good,2500,1050
Thrift,Bags,New with tags,1350,1200
FabIndia,Women's Outerwear,Like New,6300,4850
Arrow,Men's Outerwear,Fair,3500,900
Ritu Wear,Women's Outerwear,Good,4500,1950
Toteme,Jewelry,Good,32700,15550
Shantanu & Nikhil,Men's Tops,Like New,20500,10500
Marks & Spencer,Women's Traditional,Like New,7200,5300
Only,Women's Bottoms,New with tags,900,800
Global Desi,Women's Bottoms,New with tags,9600,6550
Clarks,Women's Bottoms,New with tags,4800,3850
Sangria,Bags,Good,1500,700
ARKET,Men's Bottoms,Like New,9000,5850
Max,Men's Tops,Well Loved,1200,150
Clarks,Women's Tops,Fair,10700,2400
Sangria,Men's Outerwear,Like New,2100,1450
AND,Women's Tops,Good,5000,1900
W,Men's Bottoms,Good,4600,1900
Park Avenue,Men's Bottoms,Good,5200,2000
Clarks,Men's Formal,New with tags,11000,9150
V-Mart,Men's Tops,Like New,850,450
FabIndia,Men's Outerwear,Like New,6300,4350
Manish Malhotra,Women's Dresses,Like New,66500,41800
Steve Madden,Men's Tops,Good,6400,2350
Hidesign,Women's Traditional,Like New,14600,10000
Global Desi,Women's Traditional,Fair,4300,1200
Nine West,Women's Bottoms,Fair,4900,1450
Zara,Women's Bottoms,Fair,3100,850
Local Brand,Women's Outerwear,Like New,600,350
Manish Malhotra,Men's Bottoms,Like New,45000,23050
Toteme,Men's Tops,Fair,12600,2300
Accessorize,Women's Traditional,Like New,800,600
Payal Singhal,Women's Traditional,New with tags,19800,15700
Sangria,Bags,New with tags,1500,1300
Local Brand,Men's Outerwear,Like New,1100,750
No Brand,Jewelry,Like New,800,600
Levi's,Men's Tops,Like New,3000,1650
Tommy Hilfiger,Women's Tops,Good,8300,2950
Adidas,Men's Bottoms,Good,6700,3050
No Brand,Men's Tops,Well Loved,600,100
New Balance,Men's Outerwear,New with tags,6500,5850
Sangria,Bags,Good,2200,950
New Balance,Women's Dresses,Good,5700,2100
Skechers,Men's Tops,New with tags,3800,3050
No Brand,Bags,Well Loved,850,100
Lacoste,Women's Traditional,Good,13200,5700
Baggit,Accessories,Good,3000,950
Tommy Hilfiger,Women's Outerwear,Good,5600,3200
Peter England,Women's Tops,New with tags,1600,1300
Van Heusen,Men's Outerwear,New with tags,5400,4400
Allen Solly,Women's Traditional,Fair,4200,1150
Peter England,Women's Tops,Like New,3600,1900
Reliance Trends,Men's Outerwear,Good,900,350
Hidesign,Jewelry,Well Loved,11400,1500
Anatomy,Bags,Like New,3800,2550
Westside,Women's Bottoms,Good,1800,800
Nanushka,Men's Formal,Like New,25600,18400
Chemistry,Women's Bottoms,New with tags,3500,2900
Baggit,Men's Formal,Good,3400,1500
Tribe Amrapali,Women's Traditional,Like New,2900,2100
Charles & Keith,Men's Formal,Like New,4600,3300
Tribe Amrapali,Women's Traditional,Good,7700,3950
Rohit Bal,Women's Tops,Well Loved,43300,4950
Acne Studios,Women's Dresses,Good,39500,16800
Ralph Lauren,Women's Tops,Fair,9000,2200
Shantanu & Nikhil,Men's Formal,Fair,31200,7550
Baggit,Footwear,New with tags,1300,1170
Charles & Keith,Men's Bottoms,Good,3100,1350
ASOS,Women's Bottoms,Like New,800,400
FabIndia,Women's Traditional,Like New,4100,3050
Calvin Klein,Women's Bottoms,Good,7500,3200
Thrift,Women's Tops,Good,550,200
Pantaloons,Footwear,Good,1100,450
No Brand,Women's Outerwear,Well Loved,850,100
Ritu Wear,Men's Formal,Like New,4400,2700
Converse,Women's Tops,Fair,5300,1150
Anita Dongre,Footwear,Fair,34700,11100
Charles & Keith,Men's Tops,Like New,6600,4000
Nanushka,Men's Tops,Well Loved,22600,2500
Thrift,Women's Traditional,Like New,1400,900
Uniqlo,Women's Tops,Good,6800,3000
Calvin Klein,Women's Bottoms,Fair,8600,2450
AND,Men's Outerwear,Good,1800,850
Aurelia,Accessories,Fair,2300,500
Park Avenue,Women's Tops,Like New,4800,2700
Amrapali,Women's Tops,Like New,3400,2200
V-Mart,Women's Bottoms,New with tags,1300,1000
H&M,Women's Tops,New with tags,600,450
Steve Madden,Footwear,Like New,6200,4450
Arrow,Women's Traditional,Fair,1900,450
Baggit,Men's Tops,Well Loved,2400,300
ASOS,Bags,Fair,1100,350
FabIndia,Women's Tops,Like New,6800,4750
Anju Modi,Men's Tops,Good,20700,7400
Clarks,Jewelry,Fair,5200,1550
No Brand,Women's Bottoms,Fair,500,100
Sabyasachi,Women's Bottoms,Well Loved,198100,28650
ARKET,Men's Tops,New with tags,5200,3650
Skechers,Women's Tops,Like New,3200,1700
Payal Singhal,Women's Traditional,Fair,17300,4150
V-Mart,Women's Tops,Fair,1350,300
Abu Jani Sandeep Khosla,Women's Tops,Good,58100,24250
ASOS,Women's Tops,New with tags,3300,2350
Thrift,Women's Dresses,Like New,1500,950
Reliance Trends,Women's Traditional,Fair,600,200
Peter England,Men's Bottoms,Like New,2200,1200
W,Women's Traditional,Fair,2400,600
Ralph Lauren,Men's Tops,Good,6400,2150
Amrapali,Men's Outerwear,Good,13000,6000
& Other Stories,Women's Traditional,Fair,13400,3950
Anita Dongre,Accessories,Good,19300,6600
Accessorize,Women's Bottoms,Like New,3500,2250
Max,Women's Bottoms,Good,1600,700
Monte Carlo,Women's Tops,Well Loved,4300,450
Puma,Bags,Like New,2300,1550
Payal Singhal,Women's Tops,Good,6700,2650
Only,Women's Traditional,Like New,2100,1550
Local Brand,Women's Tops,New with tags,550,450
New Balance,Women's Traditional,Good,10500,4400
Van Heusen,Women's Tops,Good,2600,1100
Puma,Women's Tops,Like New,4700,2450
Marks & Spencer,Men's Bottoms,Fair,3400,700
Forever 21,Women's Bottoms,Like New,3000,2000
FabIndia,Women's Tops,Fair,1100,250
Reebok,Women's Sets,Good,5400,2050
Tarun Tahiliani,Accessories,Like New,115500,64750
Jaypore,Women's Tops,Fair,2900,700
Aurelia,Footwear,Fair,1700,450
ARKET,Women's Dresses,Like New,15100,10300
Reformation,Women's Bottoms,Like New,11400,7550
Anamika Khanna,Women's Bottoms,Fair,24300,6850
Biba,Men's Tops,Fair,4900,1250
Reebok,Women's Bottoms,New with tags,3900,2900
Masaba Gupta,Women's Outerwear,New with tags,14200,12400
Adidas,Women's Tops,Fair,8000,2000
Pantaloons,Women's Sets,Well Loved,3100,400
Max,Men's Tops,Like New,1400,650
COS,Men's Outerwear,Fair,14800,3750
Ritu Kumar,Women's Bottoms,Good,16500,6200
Amrapali,Footwear,Like New,16200,9850
Under Armour,Women's Tops,New with tags,6100,4900
Reliance Trends,Footwear,Like New,1350,800
Aurelia,Women's Tops,Good,1200,500
Under Armour,Men's Outerwear,Good,7000,3650
Louis Philippe,Women's Tops,Good,4800,1600
Marks & Spencer,Women's Outerwear,Fair,2700,850
Converse,Men's Formal,Like New,7000,5350
Rohit Bal,Men's Tops,Fair,59000,12750
Zara,Men's Formal,Fair,7400,1700
H&M,Women's Traditional,Good,4400,2200
Biba,Women's Bottoms,Like New,6800,4800
Mango,Women's Traditional,Well Loved,9900,1400
Tribe Amrapali,Women's Dresses,Like New,2700,1650
Nine West,Women's Tops,Good,5200,2400
Allen Solly,Men's Formal,Like New,4900,3400
Reformation,Men's Formal,New with tags,23500,21150
Abu Jani Sandeep Khosla,Women's Traditional,Like New,56200,34200
Hidesign,Women's Tops,Well Loved,17400,2600
Nanushka,Women's Tops,Well Loved,18900,3000
Westside,Women's Traditional,New with tags,800,720
Peter England,Bags,Good,2200,1000
& Other Stories,Women's Tops,Like New,11800,6350
Anatomy,Women's Sets,New with tags,3000,2250
Vero Moda,Women's Tops,Like New,3800,2250
Louis Philippe,Accessories,New with tags,4900,3800
Peter England,Women's Tops,Fair,900,200
Tarun Tahiliani,Women's Outerwear,New with tags,55500,47200
Thrift,Men's Bottoms,Like New,250,150
Lacoste,Men's Formal,Good,13800,5600
Nanushka,Women's Tops,Fair,18600,3700
Uniqlo,Footwear,Like New,2700,1900
Westside,Women's Bottoms,Fair,1200,300
Under Armour,Women's Bottoms,Fair,4600,1050
Ritu Wear,Women's Outerwear,Like New,6700,5050
New Balance,Men's Outerwear,Fair,5700,1800
Arrow,Women's Outerwear,Like New,2800,1900
Vero Moda,Women's Bottoms,Good,3200,1500
V-Mart,Jewelry,Like New,1500,950
Rangmanch,Women's Traditional,Fair,3700,1050
Reliance Trends,Men's Tops,Good,600,200
Jaypore,Women's Traditional,Good,5300,2800
Amrapali,Women's Traditional,New with tags,5300,4450
Nike,Women's Bottoms,Like New,7900,4700
Monte Carlo,Women's Tops,Fair,3800,850
Baggit,Women's Bottoms,Like New,1400,850
Anju Modi,Men's Outerwear,Well Loved,29700,5150
Peter England,Women's Dresses,Fair,3500,1050
Lacoste,Men's Outerwear,Good,5200,2050
Anatomy,Women's Tops,Good,2300,1000
V-Mart,Footwear,New with tags,750,650
H&M,Men's Bottoms,Fair,800,200
Biba,Women's Traditional,Good,1800,900
No Brand,Women's Bottoms,Well Loved,600,100
& Other Stories,Women's Dresses,Like New,5200,3300
Allen Solly,Footwear,Fair,2400,650
Toteme,Men's Tops,Good,12300,4950
Thrift,Women's Bottoms,Good,1150,550
Sangria,Women's Tops,Fair,1000,300
Aldo,Men's Tops,Fair,4800,1150
Arrow,Women's Outerwear,Well Loved,3500,650
Vans,Women's Traditional,Good,4200,1900
AND,Men's Tops,Like New,6800,4400
Rangmanch,Women's Tops,Like New,3200,1850
New Balance,Women's Traditional,Like New,5500,4450
Only,Women's Bottoms,Fair,1500,350
Reebok,Women's Bottoms,Like New,7000,4650
Anatomy,Women's Tops,Well Loved,2900,450
FabIndia,Women's Tops,Like New,4500,2950
Adidas,Women's Dresses,Fair,4900,1450
Rangmanch,Women's Traditional,Like New,3200,2100
Anamika Khanna,Women's Traditional,Good,26000,13300
V-Mart,Women's Tops,Well Loved,750,100
Jaypore,Men's Bottoms,Like New,4700,2450
Nanushka,Men's Bottoms,Fair,19900,4500
Nanushka,Women's Outerwear,Good,12400,7050
Vans,Women's Sets,Good,5800,2550
Westside,Men's Outerwear,Like New,2900,2250
Abu Jani Sandeep Khosla,Women's Sets,Like New,75900,54050
Charles & Keith,Men's Bottoms,Good,3600,1500
Tribe Amrapali,Women's Tops,Good,1700,700
Tarun Tahiliani,Women's Traditional,Like New,70100,46000
V-Mart,Bags,Fair,1150,250
Levi's,Women's Sets,Well Loved,5600,800
W,Footwear,Like New,2600,1900
Aldo,Men's Tops,Like New,3900,2100
Vans,Men's Bottoms,Good,6600,2550
Monte Carlo,Bags,Fair,2000,500
Tribe Amrapali,Footwear,Like New,4100,2600
Ritu Kumar,Women's Outerwear,Good,14300,6350
Accessorize,Women's Bottoms,Fair,1500,350
COS,Men's Tops,Good,6700,2650
Charles & Keith,Women's Tops,Like New,7200,4300
Sabyasachi,Accessories,Well Loved,69500,9500
Westside,Women's Traditional,Like New,3900,2700
Anju Modi,Men's Tops,Like New,24000,12850
Lacoste,Women's Traditional,Fair,13300,3350
Anatomy,Women's Bottoms,Fair,4500,900
Vans,Women's Sets,Like New,7900,5500
Arrow,Women's Dresses,Fair,1800,450
ARKET,Women's Outerwear,Fair,13400,3650
AND,Men's Outerwear,Good,7100,3350
Rangmanch,Men's Outerwear,Good,1300,600
Nanushka,Women's Traditional,Well Loved,9100,1250
New Balance,Bags,Like New,11500,7550
Steve Madden,Women's Tops,Like New,5100,3000
Puma,Men's Tops,Good,6700,2300
Nanushka,Women's Traditional,Good,29800,13900
Westside,Men's Bottoms,Fair,3400,900
Local Brand,Footwear,New with tags,950,700
Sangria,Women's Tops,Fair,3700,800
Calvin Klein,Women's Outerwear,Good,4700,2150
Anju Modi,Footwear,Good,8300,3250
Sangria,Women's Tops,Good,3400,1400
Sabyasachi,Men's Bottoms,Good,52000,17350
Masaba Gupta,Bags,New with tags,23700,20050
Nanushka,Men's Bottoms,Well Loved,22600,3050
Tribe Amrapali,Women's Traditional,Well Loved,4300,600
Arrow,Women's Tops,Fair,1800,500
Toteme,Men's Bottoms,Like New,10100,5150
Arrow,Women's Traditional,Like New,2300,1450
Mango,Bags,Fair,2200,650
Tarun Tahiliani,Women's Bottoms,New with tags,85500,70150
Anita Dongre,Women's Bottoms,New with tags,22000,18500
Masaba Gupta,Women's Tops,Well Loved,9700,1550
Max,Women's Sets,Good,1100,400
Allen Solly,Women's Bottoms,Like New,1500,1100
Lacoste,Men's Tops,Good,9000,4250
Tribe Amrapali,Men's Outerwear,Like New,4600,3000
Park Avenue,Women's Traditional,Fair,2600,800
Masaba Gupta,Women's Sets,Well Loved,16100,1750
Levi's,Women's Outerwear,New with tags,5400,4860
Mango,Women's Tops,Like New,6500,3250
No Brand,Men's Bottoms,Good,650,250
Manish Malhotra,Women's Bottoms,Like New,121600,82200
Clarks,Men's Tops,Good,6900,2350
Adidas,Women's Traditional,Good,4400,1900
Anatomy,Women's Traditional,Fair,3800,1100
Levi's,Women's Traditional,Like New,6200,3750
Aldo,Women's Sets,Good,6500,2450
Charles & Keith,Women's Traditional,Fair,5700,1750
Nine West,Men's Bottoms,Good,7300,2950
FabIndia,Women's Bottoms,Fair,3800,1050
Masaba Gupta,Women's Dresses,Fair,6500,1600
Sabyasachi,Women's Traditional,Fair,80900,21050
Chemistry,Women's Traditional,New with tags,3100,2790
Baggit,Women's Tops,Good,3100,1150
Park Avenue,Accessories,New with tags,5100,3850
Lacoste,Women's Tops,New with tags,5500,4200
FabIndia,Women's Bottoms,Like New,3100,1900
Hidesign,Women's Outerwear,Fair,5300,1850
Rohit Bal,Women's Tops,Like New,55400,27150
Calvin Klein,Women's Tops,Fair,10300,2600
Acne Studios,Footwear,Well Loved,20700,3650
Sangria,Women's Traditional,New with tags,900,810
Sangria,Men's Tops,Like New,3500,1700
Reformation,Men's Bottoms,Good,14800,4700
Steve Madden,Women's Sets,Fair,7700,1950
Nanushka,Men's Outerwear,Good,10600,5100
Acne Studios,Women's Traditional,Fair,24900,8300
Aurelia,Accessories,Like New,3500,1950
Charles & Keith,Women's Outerwear,Well Loved,5300,950
Shantanu & Nikhil,Men's Bottoms,Like New,14700,7500
Tribe Amrapali,Men's Bottoms,Good,7000,2350
Sabyasachi,Bags,Good,163000,60850
Forever 21,Women's Traditional,Good,2000,800
Anju Modi,Women's Sets,Fair,26900,5700
Shantanu & Nikhil,Men's Bottoms,Good,34800,12700
Tribe Amrapali,Women's Bottoms,Like New,3500,1850
Nike,Women's Traditional,Good,2600,1050
Anatomy,Women's Sets,Like New,1200,850
Under Armour,Men's Formal,Like New,7200,4650
Local Brand,Women's Tops,Like New,1700,900
Aurelia,Accessories,Like New,3700,2050
Clarks,Women's Outerwear,Like New,10200,7900
Uniqlo,Women's Sets,Good,5000,2400
Pantaloons,Bags,Like New,3300,2150
H&M,Men's Tops,Like New,1700,850
Vero Moda,Men's Outerwear,New with tags,6000,5350
Chemistry,Bags,Fair,2300,600
Park Avenue,Women's Sets,Well Loved,1700,200
Calvin Klein,Men's Tops,New with tags,13800,10050
Under Armour,Accessories,Good,2100,700
Allen Solly,Women's Sets,Good,2300,950
No Brand,Men's Tops,Like New,1200,650
Shantanu & Nikhil,Women's Tops,Well Loved,11800,1400
Levi's,Women's Dresses,Like New,3100,2000
Payal Singhal,Women's Outerwear,Fair,8500,2850
Calvin Klein,Bags,Fair,8900,2400
Vero Moda,Bags,Like New,3000,2050
Forever 21,Women's Traditional,Fair,3600,950
Sabyasachi,Men's Bottoms,Like New,161600,88500
COS,Men's Outerwear,Good,8000,3150
Baggit,Women's Dresses,Good,4000,1750
Global Desi,Women's Outerwear,Good,3000,1600
V-Mart,Women's Sets,Good,650,250
Amrapali,Men's Tops,Good,10100,3400
Zara,Women's Dresses,Good,8300,3550
Calvin Klein,Women's Dresses,Like New,6800,3800
FabIndia,Bags,Good,2000,900
Anatomy,Women's Traditional,Good,3800,1600
Sangria,Women's Tops,Fair,1700,400
Calvin Klein,Men's Outerwear,Good,11600,5500
Max,Women's Tops,Fair,2100,500
Ritu Kumar,Men's Bottoms,Good,11200,4500
Clarks,Women's Outerwear,Well Loved,7300,1150
ASOS,Men's Formal,Like New,4200,2800
Global Desi,Men's Formal,Good,5100,2450
Levi's,Men's Outerwear,Good,6000,2650
Converse,Women's Outerwear,Like New,7400,6000
Acne Studios,Women's Tops,Fair,27600,5350
Toteme,Men's Bottoms,Like New,13700,7250
Aurelia,Women's Dresses,Good,1900,750
Anju Modi,Women's Traditional,Fair,23000,7050
Baggit,Women's Outerwear,New with tags,4900,4410
W,Men's Tops,Good,5200,2050
Vero Moda,Men's Outerwear,Good,2500,1150
Toteme,Women's Sets,Good,18600,7500
Acne Studios,Men's Tops,Fair,12600,3000
W,Women's Tops,Well Loved,1900,250
Vans,Women's Bottoms,Well Loved,4700,650
Amrapali,Men's Tops,Good,3900,1600
Charles & Keith,Women's Traditional,New with tags,3100,2450
No Brand,Women's Bottoms,Good,150,100
Vero Moda,Men's Tops,Good,2100,750
COS,Women's Outerwear,Fair,5500,1850
Nanushka,Men's Tops,Good,10400,4100
Calvin Klein,Women's Traditional,Fair,10100,2400
ASOS,Men's Formal,New with tags,1100,950
Ritu Wear,Women's Outerwear,Good,7400,3450
Clarks,Women's Sets,Good,8700,4200
Vans,Women's Bottoms,Good,4300,1750
Steve Madden,Women's Dresses,Like New,6500,4200
Manish Malhotra,Jewelry,Well Loved,54500,9400
Jaypore,Women's Dresses,Like New,4400,2700
No Brand,Women's Tops,Like New,200,100
Chemistry,Women's Outerwear,Good,3600,1650
Park Avenue,Women's Dresses,Like New,1600,1050
Ralph Lauren,Women's Dresses,Like New,14500,10050
Payal Singhal,Women's Outerwear,Good,27000,11350
Forever 21,Women's Tops,Good,800,350
Lacoste,Women's Tops,Good,11000,4450
Allen Solly,Women's Dresses,Fair,2400,600
New Balance,Men's Bottoms,Like New,13100,7300
Louis Philippe,Women's Tops,Good,5200,1850
Jaypore,Women's Tops,Fair,2300,500
Max,Men's Tops,Like New,2000,1150
Manish Malhotra,Women's Bottoms,Good,82100,33750
Rohit Bal,Women's Sets,Well Loved,65700,8500
Only,Footwear,Like New,4300,2600
Anita Dongre,Women's Bottoms,Fair,39400,9950
Pantaloons,Men's Formal,Fair,1600,350
Amrapali,Women's Bottoms,Good,8200,3400
No Brand,Accessories,Well Loved,950,100
Clarks,Women's Bottoms,Well Loved,3700,500
Manish Malhotra,Bags,New with tags,112300,101070
COS,Women's Bottoms,Well Loved,8600,1550
Reformation,Men's Bottoms,New with tags,23700,18350
Amrapali,Women's Traditional,Fair,12900,3700
Aurelia,Women's Tops,Good,2600,1100
Aldo,Men's Formal,Well Loved,4700,750
Biba,Women's Bottoms,New with tags,2200,1800
Ralph Lauren,Women's Tops,Good,9700,3400
Levi's,Women's Traditional,Good,8000,3550
Vans,Men's Outerwear,Good,3700,1800
Anju Modi,Men's Bottoms,Well Loved,16100,1550
Lacoste,Women's Tops,Like New,8500,5000
Pantaloons,Women's Tops,Fair,900,200
Hidesign,Women's Tops,Fair,10000,2600
Thrift,Women's Sets,Well Loved,300,100
ASOS,Men's Outerwear,New with tags,4300,3650
Pantaloons,Women's Tops,Well Loved,2000,300
Tribe Amrapali,Men's Tops,Like New,3100,1600
Ralph Lauren,Women's Tops,Good,8700,3250
Peter England,Women's Traditional,New with tags,2000,1800
Louis Philippe,Women's Bottoms,Well Loved,5000,500
FabIndia,Women's Traditional,Fair,2900,800
New Balance,Women's Bottoms,Like New,7000,4850
Masaba Gupta,Men's Outerwear,Good,12100,5450
Tommy Hilfiger,Women's Tops,Good,5400,2550
Masaba Gupta,Men's Bottoms,Well Loved,16500,2500
Lacoste,Women's Bottoms,Good,12100,5700
Abu Jani Sandeep Khosla,Men's Bottoms,Like New,69700,42250
Anatomy,Women's Dresses,Like New,1000,600
Tarun Tahiliani,Women's Dresses,New with tags,113000,82200
Lacoste,Footwear,Fair,7200,1650
Reformation,Men's Bottoms,Fair,22600,5900
Aurelia,Women's Sets,Like New,2200,1600
Forever 21,Men's Outerwear,Well Loved,2800,400
V-Mart,Men's Outerwear,Like New,1000,650
Converse,Women's Tops,Fair,7800,2100
Sangria,Women's Tops,Good,3700,1550
Sangria,Women's Tops,Good,1800,600
Reebok,Women's Bottoms,Fair,2000,550
Under Armour,Women's Traditional,Like New,3500,2100
COS,Men's Bottoms,New with tags,8800,6050
H&M,Women's Dresses,Like New,2700,1600
Max,Men's Tops,Good,700,250
Converse,Women's Tops,Like New,4000,2550
Tommy Hilfiger,Men's Bottoms,Good,11100,3950
V-Mart,Footwear,Good,800,400
Forever 21,Women's Bottoms,Like New,1300,800
Arrow,Women's Bottoms,Like New,2300,1300
Baggit,Women's Bottoms,Like New,3100,1900
Local Brand,Women's Dresses,New with tags,600,540
Westside,Men's Formal,Like New,1900,1300
Anju Modi,Men's Tops,Like New,15500,8000
Ritu Kumar,Women's Bottoms,Good,11400,3900
Acne Studios,Women's Tops,Like New,32600,21550
Peter England,Women's Tops,Like New,2500,1700
Westside,Women's Sets,Like New,1500,1050
Rohit Bal,Women's Dresses,Well Loved,69000,10500
& Other Stories,Bags,Good,13500,5300
Mango,Women's Tops,Good,9900,4350
Reformation,Men's Formal,Like New,23500,14850
Ritu Wear,Women's Sets,Good,7900,3750
Manish Malhotra,Men's Outerwear,Good,97500,44150
Reformation,Women's Sets,Good,24400,8600
Acne Studios,Men's Outerwear,Fair,45400,13650
Baggit,Women's Sets,Good,1900,800
Rangmanch,Women's Tops,Fair,2300,550
New Balance,Footwear,New with tags,12400,9900
Baggit,Men's Formal,Good,5900,2300
ASOS,Men's Bottoms,Like New,3800,2050
ASOS,Women's Bottoms,Fair,3900,1150
Masaba Gupta,Women's Dresses,Like New,11200,6450
Louis Philippe,Footwear,New with tags,2800,2520
Clarks,Women's Tops,New with tags,6600,4850
Pantaloons,Women's Dresses,Good,900,300
Local Brand,Women's Traditional,Well Loved,1000,150
Aldo,Men's Bottoms,Good,4100,1400
Max,Men's Bottoms,Like New,900,450
H&M,Women's Dresses,Fair,4400,1150
Toteme,Men's Tops,Good,10200,3900
Puma,Men's Bottoms,Good,2800,1300
W,Women's Bottoms,Good,4300,1850
COS,Women's Tops,Well Loved,14600,2250
Local Brand,Men's Tops,Like New,450,250
Skechers,Men's Formal,Like New,6400,4300
Ralph Lauren,Women's Dresses,Like New,5900,4250
Rangmanch,Men's Tops,Good,3900,1700
Aldo,Footwear,Like New,6600,4950
Mango,Women's Outerwear,Good,7200,3550
FabIndia,Women's Dresses,Fair,6000,1550
Acne Studios,Women's Traditional,Fair,39600,12250
Under Armour,Men's Tops,Like New,3300,1950
Under Armour,Women's Traditional,Good,4800,1800
Thrift,Women's Sets,Good,800,300
Tribe Amrapali,Women's Dresses,Like New,8000,5300
AND,Women's Traditional,Good,8300,3600
Zara,Men's Bottoms,Good,6000,2200
Sabyasachi,Women's Traditional,Like New,164900,105800
Anju Modi,Women's Tops,Good,16900,6600
Sabyasachi,Women's Tops,Like New,102800,54250
Louis Philippe,Women's Bottoms,Good,5600,2250
Global Desi,Women's Outerwear,Like New,5800,3600
Ritu Kumar,Women's Outerwear,Like New,23500,16500
Nanushka,Women's Outerwear,Well Loved,16500,2450
Rangmanch,Women's Tops,Like New,4900,2500
Chemistry,Women's Bottoms,Like New,3200,1950
Nine West,Men's Bottoms,Good,6600,2050
Tarun Tahiliani,Women's Tops,Like New,72800,38500
Ralph Lauren,Women's Bottoms,Good,5100,1850
Allen Solly,Women's Bottoms,Good,1900,750
Vintage,Women's Tops,Like New,0,400
Aldo,Men's Formal,Well Loved,4500,550
Peter England,Women's Dresses,Like New,3800,2050
Anju Modi,Footwear,Fair,22400,4700
Van Heusen,Women's Tops,Fair,5500,1350
Converse,Women's Bottoms,New with tags,7200,6300
Jaypore,Men's Outerwear,Like New,6200,4350
Ritu Kumar,Women's Tops,Like New,21500,13700
Vintage,Women's Bottoms,Fair,0,400
Rangmanch,Accessories,Like New,2500,1550
Calvin Klein,Women's Tops,Good,4100,1650
Only,Footwear,Good,3200,1400
FabIndia,Men's Tops,Fair,6300,1700
Accessorize,Bags,Like New,2000,1200
Reebok,Women's Tops,Fair,4400,1200
Hidesign,Accessories,Good,9400,3550
Acne Studios,Women's Traditional,Fair,30300,9100
Ralph Lauren,Men's Formal,Good,19800,8000
Tommy Hilfiger,Women's Dresses,Good,7500,3050
Skechers,Women's Bottoms,Well Loved,2800,350
Rangmanch,Men's Outerwear,New with tags,2700,2250
Anatomy,Women's Traditional,Like New,2900,1850
H&M,Women's Tops,Good,3800,1800
Vans,Footwear,Good,6400,2700
Anita Dongre,Men's Outerwear,Fair,18600,5850
Jaypore,Men's Bottoms,Like New,6400,3400
Converse,Women's Dresses,Like New,4000,2700
H&M,Women's Tops,Good,1300,550
W,Men's Outerwear,Like New,2600,1700
No Brand,Women's Tops,Fair,650,150
Anatomy,Women's Tops,Fair,3100,750
Van Heusen,Men's Outerwear,Well Loved,4500,650
COS,Women's Traditional,Good,13700,6150
Reliance Trends,Footwear,Fair,850,300
Biba,Men's Outerwear,Like New,4600,3500
Peter England,Men's Formal,Good,3800,1600
Vintage,Men's Bottoms,Good,0,1750
Lacoste,Women's Dresses,Good,7200,2650
Accessorize,Women's Sets,Well Loved,3000,500
Park Avenue,Women's Outerwear,Fair,5100,1300
Reformation,Women's Tops,New with tags,12500,11000
Nine West,Women's Tops,New with tags,7700,5900
FabIndia,Men's Outerwear,Like New,6200,4950
Monte Carlo,Women's Traditional,Good,4200,2100
Anita Dongre,Bags,Like New,38600,27450
Peter England,Women's Tops,Fair,1400,400
ASOS,Men's Outerwear,Well Loved,3700,650
Arrow,Men's Bottoms,Like New,4700,2550
Anamika Khanna,Women's Bottoms,Like New,24900,14650
Monte Carlo,Women's Bottoms,Like New,4400,2450
Ralph Lauren,Women's Tops,Well Loved,14000,2100
Vans,Women's Dresses,Good,5100,2200
Hidesign,Bags,Good,16600,7050
Rangmanch,Women's Tops,Like New,1800,1000
Marks & Spencer,Bags,Good,4600,2300
Manish Malhotra,Women's Tops,Like New,66400,44900
Clarks,Bags,Good,6200,3500
Ritu Wear,Women's Bottoms,Fair,1700,450
Van Heusen,Men's Outerwear,Good,1400,650
Van Heusen,Women's Tops,New with tags,5900,4700
Payal Singhal,Women's Bottoms,Good,10700,4950
Levi's,Women's Dresses,Good,8800,4100
Anamika Khanna,Men's Bottoms,Like New,23200,11800
Anita Dongre,Women's Bottoms,Like New,10300,7300
H&M,Women's Traditional,Good,2200,950
Park Avenue,Women's Tops,Fair,1500,350
Anamika Khanna,Women's Outerwear,Good,18000,9250
Adidas,Men's Bottoms,Good,4600,1850
Park Avenue,Women's Bottoms,Fair,5000,1300
Reformation,Women's Outerwear,Fair,24400,8150
Manish Malhotra,Women's Sets,Good,53600,20750
Park Avenue,Women's Dresses,New with tags,2200,1900
Marks & Spencer,Women's Traditional,Good,4800,1900
Nine West,Women's Bottoms,Like New,7800,5500
Peter England,Women's Traditional,Good,1700,650
Thrift,Women's Dresses,Like New,350,200
Vintage,Women's Tops,Like New,0,1600
Thrift,Women's Bottoms,Good,1250,500
Reebok,Women's Bottoms,Like New,5600,3650
Nanushka,Men's Tops,Like New,19100,11500
Baggit,Women's Sets,Like New,4000,3000
Nanushka,Footwear,Like New,24400,17350
Tarun Tahiliani,Men's Formal,Good,104100,49750
Marks & Spencer,Footwear,Good,5000,2450
Ralph Lauren,Women's Traditional,Like New,16600,11300
Pantaloons,Women's Dresses,New with tags,1800,1350
V-Mart,Men's Tops,Fair,450,100
Sangria,Men's Tops,Well Loved,3100,350
Hidesign,Men's Bottoms,Like New,8200,4750
Allen Solly,Footwear,Like New,3500,2050
Skechers,Women's Tops,Well Loved,6000,750
Thrift,Women's Dresses,Like New,1050,700
Anamika Khanna,Women's Dresses,Like New,37100,22600
Global Desi,Women's Dresses,Good,6600,2550
Calvin Klein,Women's Bottoms,Good,6400,2200
Reliance Trends,Men's Bottoms,Like New,750,500
Accessorize,Men's Tops,Good,2600,1000
Clarks,Women's Tops,Good,4900,1800
Max,Women's Tops,Like New,2300,1350
Sangria,Men's Tops,Fair,3100,850
Marks & Spencer,Women's Traditional,Well Loved,7100,950
Local Brand,Women's Tops,Good,1450,600
Calvin Klein,Men's Bottoms,Like New,8300,4600
Ritu Wear,Women's Tops,New with tags,5400,4500
Ralph Lauren,Men's Tops,Like New,18500,11700
Park Avenue,Women's Dresses,Like New,3500,2100
Sabyasachi,Footwear,Fair,145600,37500
Ritu Kumar,Men's Tops,Good,28500,11500
Global Desi,Women's Sets,Fair,8000,2000
Nanushka,Women's Bottoms,Fair,28100,6050
Arrow,Women's Traditional,Like New,4600,3400
& Other Stories,Women's Dresses,Like New,5700,3700
COS,Women's Bottoms,Good,6800,2950
Jaypore,Men's Tops,Well Loved,3900,400
Monte Carlo,Women's Dresses,Like New,3200,1850
Global Desi,Men's Bottoms,Like New,2700,1500
Charles & Keith,Women's Traditional,Good,3600,1500
AND,Men's Outerwear,Good,6500,2650
Sabyasachi,Men's Outerwear,Fair,118100,31150
Aldo,Women's Bottoms,New with tags,2700,2350
V-Mart,Men's Tops,Like New,1450,850
Lacoste,Men's Tops,Good,6000,2550
Adidas,Women's Bottoms,Fair,5500,1500
Rohit Bal,Women's Outerwear,Good,78700,32050
Rangmanch,Women's Outerwear,Like New,3300,2500
Payal Singhal,Footwear,Good,22000,10000
Global Desi,Accessories,Like New,6700,3800
Max,Women's Tops,Like New,1500,900
AND,Bags,Fair,8700,2900
Max,Women's Bottoms,Good,1200,450
AND,Accessories,Good,4800,1550
ARKET,Women's Bottoms,Like New,15300,9350
Reebok,Women's Traditional,Like New,4400,2950
Adidas,Women's Tops,Good,7700,3050
Westside,Women's Outerwear,Like New,2500,1800
Mango,Women's Dresses,Like New,7700,4800
Uniqlo,Men's Formal,Fair,3000,800
Shantanu & Nikhil,Men's Tops,Good,24600,10050
Ritu Kumar,Men's Formal,Like New,13600,10450
Max,Men's Formal,Good,2500,1150
Hidesign,Men's Bottoms,Like New,12400,7900
Rohit Bal,Women's Dresses,Like New,62700,41650
Allen Solly,Women's Traditional,Good,1300,550
Skechers,Women's Traditional,Fair,3500,850
V-Mart,Women's Outerwear,Like New,800,600
Jaypore,Men's Formal,Like New,2400,1500
Charles & Keith,Men's Outerwear,Fair,7700,2400
Uniqlo,Women's Tops,Well Loved,1700,250
Anatomy,Women's Tops,Fair,3400,800
Baggit,Women's Outerwear,Good,3800,1850
Masaba Gupta,Women's Bottoms,Like New,21800,13150
Aldo,Women's Traditional,Good,7600,2900
& Other Stories,Women's Outerwear,Good,9900,5000
Park Avenue,Women's Bottoms,Fair,2900,750
Biba,Footwear,Like New,2700,1650
Calvin Klein,Men's Tops,Well Loved,7900,1000
Anamika Khanna,Women's Tops,Like New,18700,12100
Reliance Trends,Men's Tops,Like New,1100,650
No Brand,Women's Dresses,Good,350,150
Steve Madden,Men's Tops,Well Loved,7900,700
COS,Women's Tops,Well Loved,9200,1000
Louis Philippe,Men's Bottoms,New with tags,3200,2450
Ritu Wear,Women's Outerwear,Like New,3600,2400
Calvin Klein,Women's Tops,Good,12500,4750
Arrow,Bags,Good,1800,950
No Brand,Women's Sets,Good,800,350
Park Avenue,Women's Outerwear,Like New,3800,2850
Jaypore,Women's Traditional,Like New,1300,950
Nanushka,Women's Outerwear,Good,9200,5400
Accessorize,Women's Outerwear,Fair,3300,1050
Peter England,Women's Traditional,Like New,2600,1600
Ritu Wear,Men's Outerwear,Like New,2100,1500
V-Mart,Men's Outerwear,Good,600,350
H&M,Women's Bottoms,New with tags,1000,750
Biba,Women's Bottoms,Good,2100,650
Park Avenue,Women's Tops,Well Loved,2600,300
Manish Malhotra,Women's Bottoms,Like New,94300,53650
Anatomy,Jewelry,Good,4100,1900
Reformation,Women's Tops,Fair,9200,2000
Nine West,Men's Outerwear,Fair,3700,1050
ASOS,Women's Bottoms,Well Loved,1600,200
Levi's,Women's Traditional,Good,4500,2050
Ritu Kumar,Men's Bottoms,Good,8900,3250
Jaypore,Footwear,Fair,2700,650
Skechers,Women's Tops,Fair,5700,1250
Ritu Kumar,Women's Sets,Good,22500,9450
Clarks,Women's Bottoms,New with tags,8800,7920
Masaba Gupta,Women's Tops,Good,19000,7400
Charles & Keith,Women's Outerwear,Good,6700,3400
Mango,Women's Tops,Like New,7600,3900
ASOS,Women's Sets,Good,2800,1250
Skechers,Men's Bottoms,Like New,7100,4500
Payal Singhal,Women's Dresses,Good,24000,10050
Chemistry,Women's Traditional,Like New,800,600
Steve Madden,Women's Outerwear,New with tags,9800,8600
Anatomy,Men's Bottoms,Like New,2000,1100
Acne Studios,Women's Dresses,New with tags,43700,37800
Uniqlo,Women's Tops,Like New,1000,600
Baggit,Women's Dresses,Good,2300,950
Anamika Khanna,Women's Tops,Well Loved,29300,4950
Pantaloons,Men's Outerwear,New with tags,2500,2250
Amrapali,Men's Outerwear,New with tags,13500,12150
Vans,Women's Tops,Like New,5800,3050
Ritu Wear,Women's Bottoms,Good,3400,1300
Monte Carlo,Women's Traditional,Like New,3500,2350
Vero Moda,Footwear,Like New,1800,1100
Tommy Hilfiger,Women's Dresses,Good,11400,5350
Skechers,Men's Formal,Like New,6000,4000
Steve Madden,Women's Sets,Like New,8400,5500
Biba,Women's Traditional,Like New,5400,4100
Allen Solly,Women's Tops,Fair,1200,300
Reebok,Women's Tops,Fair,5300,1200
Monte Carlo,Women's Sets,Good,1300,500
Aldo,Women's Traditional,Good,3800,1700
Rangmanch,Women's Sets,Like New,1200,750
Baggit,Men's Outerwear,Good,3900,2050
Vans,Women's Tops,Fair,5200,1500
Under Armour,Women's Outerwear,Fair,4500,1600
Charles & Keith,Men's Bottoms,Fair,8500,2150
Anita Dongre,Women's Outerwear,New with tags,25300,22770
Hidesign,Women's Bottoms,Good,20000,9650
Max,Women's Dresses,Like New,1000,550
Shantanu & Nikhil,Women's Traditional,Fair,22800,5650
Forever 21,Men's Bottoms,Like New,1100,650
Max,Women's Bottoms,Good,1900,650
Forever 21,Women's Outerwear,Well Loved,900,150
Global Desi,Women's Bottoms,Like New,7100,4200
Global Desi,Men's Tops,Well Loved,5300,500
Charles & Keith,Women's Bottoms,Like New,7400,4350
Anita Dongre,Women's Bottoms,Good,12700,5350
AND,Men's Tops,Like New,4700,2300
Park Avenue,Women's Bottoms,Good,4800,2050
Reformation,Men's Tops,Good,14400,6050
Nine West,Women's Bottoms,Like New,7700,4300
Manish Malhotra,Women's Tops,Good,112900,48150
COS,Women's Tops,Fair,11100,2350
Acne Studios,Footwear,Good,34700,12700
W,Women's Sets,Good,1000,450
Baggit,Women's Traditional,Like New,2700,1850
Steve Madden,Jewelry,Well Loved,4900,550
Ritu Wear,Footwear,Fair,1700,450
Ralph Lauren,Women's Outerwear,Like New,7100,5350
V-Mart,Footwear,Good,750,350
Puma,Footwear,Like New,4300,2450
Arrow,Men's Tops,Like New,1900,1200
Nanushka,Women's Traditional,Well Loved,25200,4100
Tommy Hilfiger,Women's Outerwear,Good,11500,4750
Reformation,Men's Bottoms,Fair,23000,5100
ASOS,Men's Bottoms,Fair,3400,800
Mango,Women's Tops,Like New,7900,4550
Sangria,Men's Tops,Good,1500,450
Accessorize,Women's Tops,Fair,2200,500
Ritu Wear,Women's Dresses,Like New,2900,1800
Manish Malhotra,Bags,Well Loved,64500,9650
Levi's,Women's Tops,Well Loved,8900,1350
Skechers,Men's Formal,Fair,4900,1450
Tribe Amrapali,Men's Bottoms,Like New,8500,5050
Rohit Bal,Women's Dresses,Good,70500,29350
Allen Solly,Women's Dresses,Well Loved,1400,200
Anita Dongre,Women's Bottoms,Good,36300,15000
Calvin Klein,Women's Traditional,Good,4100,1750
Biba,Women's Tops,Good,2100,950
Arrow,Women's Tops,Like New,3400,1950
Uniqlo,Footwear,New with tags,2800,2520
Tommy Hilfiger,Men's Bottoms,Like New,4000,2250
Louis Philippe,Men's Bottoms,Fair,7800,1750
Peter England,Women's Traditional,Fair,3700,1100
Ralph Lauren,Women's Bottoms,Like New,16500,8900
Biba,Women's Outerwear,Like New,6400,4350
Nine West,Women's Tops,Good,6000,2650
Anatomy,Women's Bottoms,Good,2800,1000
Local Brand,Women's Tops,Fair,700,200
Levi's,Women's Tops,Like New,6700,4000
Max,Men's Formal,Like New,2300,1400
Lacoste,Women's Bottoms,Like New,10600,6800
Monte Carlo,Women's Bottoms,Good,3300,1350
Vans,Women's Outerwear,Fair,7200,2450
Payal Singhal,Women's Outerwear,Like New,21300,14850
Louis Philippe,Women's Bottoms,Like New,1900,1300
Louis Philippe,Jewelry,Good,6000,3350
Adidas,Women's Traditional,Fair,3700,1100
Toteme,Men's Tops,Good,28200,11500
V-Mart,Women's Bottoms,Like New,500,300
& Other Stories,Men's Bottoms,Like New,10000,5100
Global Desi,Women's Sets,Good,1600,600
Payal Singhal,Women's Outerwear,Good,13100,5750
AND,Women's Traditional,Good,8700,4000
AND,Bags,Good,4900,1800
Ralph Lauren,Men's Tops,Fair,13100,3000
H&M,Bags,New with tags,2600,2340
Monte Carlo,Women's Dresses,Like New,3700,2700
FabIndia,Women's Tops,Like New,6000,3400
Park Avenue,Men's Formal,Good,3100,1500
Puma,Men's Bottoms,Like New,1400,800
Steve Madden,Women's Traditional,Fair,5100,1300
Amrapali,Men's Outerwear,Fair,18500,4550
Accessorize,Footwear,Like New,1800,1300
Puma,Men's Bottoms,Like New,6300,4250
Toteme,Women's Bottoms,New with tags,19700,14450
Puma,Bags,Good,4600,1900
Ritu Kumar,Women's Tops,Fair,23900,5100
Levi's,Women's Outerwear,Like New,4300,2950
& Other Stories,Women's Bottoms,Like New,4700,3150
COS,Women's Bottoms,Like New,7500,4550
Adidas,Women's Sets,Like New,4000,2800
Anita Dongre,Women's Tops,Good,29600,9550
Vero Moda,Women's Traditional,Good,5400,2700
Biba,Men's Tops,Like New,5900,3650
Park Avenue,Women's Tops,Well Loved,4900,600
Pantaloons,Women's Tops,Like New,2800,1750
Hidesign,Women's Tops,Fair,8100,1700
Under Armour,Men's Outerwear,Fair,4700,1100
Global Desi,Women's Traditional,Fair,3900,1050
Van Heusen,Women's Tops,Fair,5000,1150
Vans,Women's Dresses,Like New,5400,3500
Accessorize,Women's Traditional,Like New,3400,2550
Forever 21,Women's Sets,Like New,3000,1900
Max,Men's Formal,Like New,1700,1000
ASOS,Women's Bottoms,Well Loved,1000,100
Tribe Amrapali,Women's Outerwear,Good,2000,800
Thrift,Footwear,Good,200,100
Park Avenue,Women's Outerwear,Good,3300,1600
Vans,Women's Sets,Well Loved,4900,800
Global Desi,Jewelry,Good,6700,3250
Converse,Women's Tops,Well Loved,7900,800
FabIndia,Women's Tops,Like New,1000,600
Reebok,Men's Bottoms,Like New,3900,2000
Nanushka,Women's Bottoms,Like New,28400,16850
Toteme,Women's Tops,New with tags,10400,8150
Forever 21,Accessories,Like New,1100,700
Reliance Trends,Bags,Good,1150,550
Ritu Wear,Women's Outerwear,Like New,6000,4750
Steve Madden,Men's Bottoms,Like New,9500,4950
Rohit Bal,Women's Sets,Good,31200,14050
Reformation,Men's Bottoms,Good,22600,8800
Allen Solly,Women's Tops,Fair,1600,400
Anamika Khanna,Men's Tops,Good,27000,11550
Park Avenue,Men's Bottoms,Good,3700,1500
Only,Women's Outerwear,Well Loved,2000,300
Local Brand,Men's Bottoms,Fair,1150,250
Calvin Klein,Women's Sets,Good,6600,2700
Baggit,Women's Tops,Good,5300,1850
Nike,Women's Bottoms,Like New,7900,5400
Ralph Lauren,Men's Tops,Like New,7600,4250
Zara,Men's Outerwear,Fair,3600,800
Ralph Lauren,Men's Formal,Fair,11200,2950
Calvin Klein,Women's Bottoms,Fair,7100,1950
ARKET,Women's Tops,Good,11200,4950
Park Avenue,Women's Bottoms,Good,3100,1200
Forever 21,Women's Tops,Well Loved,2100,350
Ritu Kumar,Women's Tops,Good,14500,6450
New Balance,Women's Outerwear,Like New,5900,4250
Steve Madden,Men's Bottoms,Good,4400,1700
Zara,Women's Outerwear,New with tags,900,800
Louis Philippe,Women's Tops,Good,2900,1000
Abu Jani Sandeep Khosla,Men's Tops,New with tags,71600,50400
Local Brand,Men's Tops,Good,500,200
Sangria,Men's Outerwear,Like New,1100,700
Anamika Khanna,Men's Tops,Well Loved,17600,2300
Skechers,Women's Bottoms,Fair,4000,800
Masaba Gupta,Women's Bottoms,Fair,8600,2000
Uniqlo,Men's Tops,Like New,3900,2250
Marks & Spencer,Men's Tops,Like New,4400,2150
Anamika Khanna,Women's Sets,Like New,22800,14400
Sabyasachi,Bags,Good,86300,45750
Max,Women's Tops,Good,2000,800
Payal Singhal,Women's Dresses,New with tags,27000,22350
Sangria,Women's Dresses,Well Loved,1800,200
Anju Modi,Women's Traditional,Fair,14800,4850
Converse,Men's Tops,Like New,3700,1900
Ritu Wear,Footwear,Good,4200,1700
Mango,Women's Tops,Like New,7500,4550
Payal Singhal,Men's Outerwear,Good,17000,9650
Tarun Tahiliani,Women's Tops,New with tags,102000,69700
Allen Solly,Women's Traditional,Good,5400,2300
Anamika Khanna,Women's Tops,Like New,29300,19250
Ritu Kumar,Women's Bottoms,Good,6300,2900
Acne Studios,Women's Traditional,Like New,34500,22700
Anatomy,Women's Sets,Good,1100,400
Rangmanch,Women's Outerwear,Well Loved,3300,450
Marks & Spencer,Men's Bottoms,Good,3700,1200
Only,Women's Bottoms,Like New,1500,900
Nanushka,Women's Tops,Fair,21900,5050
Baggit,Women's Tops,New with tags,5600,4500
Adidas,Women's Traditional,Fair,7400,2000
New Balance,Women's Dresses,Like New,13400,7650
Zara,Men's Bottoms,Good,1500,600
Only,Women's Tops,Like New,1300,700
Jaypore,Men's Formal,Well Loved,4700,700
Levi's,Women's Bottoms,Like New,7700,5400
Westside,Women's Dresses,Like New,3700,2100
Levi's,Women's Traditional,Like New,7700,4950
Anita Dongre,Bags,Like New,33100,20700
Steve Madden,Men's Bottoms,Good,5300,2000
Skechers,Women's Bottoms,Like New,3800,2200
Uniqlo,Women's Traditional,Like New,3700,2800
Reformation,Women's Bottoms,Good,11000,4300
Mango,Men's Tops,Well Loved,3000,300
Masaba Gupta,Women's Outerwear,Like New,14300,10800
Hidesign,Footwear,Good,16600,7750
Calvin Klein,Women's Sets,Good,5900,2500
Marks & Spencer,Women's Sets,Fair,3300,950
Clarks,Women's Bottoms,Good,5400,2700
Max,Footwear,Like New,500,400
Chemistry,Women's Tops,Good,2500,1150
Biba,Women's Dresses,New with tags,5500,4450
Marks & Spencer,Women's Tops,Like New,5700,3150
Puma,Women's Bottoms,Good,4500,2100
Pantaloons,Men's Bottoms,Fair,1900,450
Pantaloons,Men's Bottoms,New with tags,2700,2100
Louis Philippe,Women's Tops,Good,3300,1500
Levi's,Men's Outerwear,New with tags,8200,6800
Jaypore,Footwear,Like New,3700,2400
Lacoste,Men's Tops,Good,9600,3550
Under Armour,Women's Bottoms,Like New,4900,3300
Levi's,Men's Bottoms,Fair,4600,1200
Vero Moda,Women's Bottoms,New with tags,2700,2150
& Other Stories,Women's Traditional,Good,12200,6100
Amrapali,Men's Outerwear,Well Loved,16700,2750
W,Women's Tops,Like New,1700,1000
Calvin Klein,Women's Bottoms,Good,8700,3900
Tarun Tahiliani,Women's Outerwear,Well Loved,81000,10100
ASOS,Men's Bottoms,New with tags,1500,1150
Allen Solly,Men's Tops,Like New,2800,1550
No Brand,Men's Tops,Good,750,300
Puma,Women's Bottoms,Like New,4000,2800
Anita Dongre,Women's Tops,Like New,38600,21700
Park Avenue,Women's Outerwear,Well Loved,5200,900
Ralph Lauren,Women's Bottoms,Like New,19900,12150
Amrapali,Women's Bottoms,Good,3600,1350
Amrapali,Women's Traditional,Well Loved,12100,1300
Anatomy,Men's Bottoms,Well Loved,4700,550
Arrow,Accessories,Like New,4600,2350
Max,Men's Tops,Fair,1900,500
ARKET,Men's Bottoms,Well Loved,6800,850
Rangmanch,Men's Tops,Like New,2400,1350
Mango,Women's Sets,Like New,9400,5200
Park Avenue,Men's Formal,Good,5800,2800
Baggit,Women's Outerwear,Good,5700,2900
Reformation,Men's Bottoms,Good,14600,4800
Puma,Accessories,Fair,1700,400
Only,Men's Outerwear,Like New,4200,3150
Only,Women's Tops,Good,1200,450
Louis Philippe,Jewelry,New with tags,7700,6100
H&M,Men's Tops,Like New,1200,700
Nanushka,Women's Bottoms,Fair,15100,3950
Vans,Men's Formal,Like New,6000,3500
Sabyasachi,Women's Bottoms,Like New,144300,82150
Adidas,Women's Traditional,Good,6800,2650
Nike,Women's Dresses,Well Loved,6800,850
Forever 21,Men's Formal,Good,2200,900
Van Heusen,Men's Bottoms,New with tags,2400,1650
Pantaloons,Footwear,Like New,1100,700
FabIndia,Women's Tops,Like New,4800,2500
Zara,Men's Bottoms,Good,2200,800
Vans,Women's Bottoms,Good,5100,2000
Reformation,Women's Tops,Good,14300,5500
Tommy Hilfiger,Women's Tops,Like New,5000,3100
V-Mart,Men's Tops,Well Loved,1300,200
ARKET,Women's Traditional,Well Loved,6500,700
Global Desi,Women's Outerwear,Like New,8400,6600
AND,Women's Bottoms,Like New,7000,3650
Reformation,Men's Tops,Like New,11600,7000
ARKET,Women's Tops,Fair,14800,2750
Van Heusen,Women's Sets,Good,5600,2050
Manish Malhotra,Men's Bottoms,Fair,141200,32500
Zara,Men's Tops,New with tags,2000,1400
Thrift,Women's Outerwear,Like New,850,600
Sangria,Women's Tops,Fair,3200,800
Adidas,Women's Bottoms,Fair,1800,500
Chemistry,Men's Formal,Good,3400,1450
COS,Women's Bottoms,Like New,8200,4450
ARKET,Men's Bottoms,Like New,11100,6450
Jaypore,Men's Bottoms,Good,1500,500
Adidas,Women's Traditional,Fair,6700,1900
H&M,Women's Outerwear,Fair,1300,350
Westside,Bags,Like New,500,350
Aurelia,Women's Traditional,Good,1200,500
No Brand,Accessories,Fair,1100,200
Uniqlo,Women's Outerwear,Good,6900,3250
Anatomy,Women's Bottoms,Good,3200,1300
Rangmanch,Women's Outerwear,Good,4800,2600
Reformation,Men's Bottoms,Like New,12300,7400
Nanushka,Women's Tops,Fair,26400,5600
Lacoste,Women's Traditional,Good,5500,2350
Anamika Khanna,Men's Tops,Good,24300,8700
Anatomy,Women's Dresses,Like New,2200,1500
Rohit Bal,Jewelry,Fair,31600,9050
ASOS,Women's Traditional,New with tags,3100,2700
Calvin Klein,Women's Dresses,Like New,11000,6250
Baggit,Men's Tops,Good,3900,1600
Chemistry,Women's Tops,Like New,2900,1800
Adidas,Women's Outerwear,New with tags,2100,1890
Thrift,Women's Tops,Fair,650,150
FabIndia,Women's Traditional,New with tags,2300,1900
Shantanu & Nikhil,Footwear,New with tags,16200,12100
Skechers,Women's Tops,Good,4800,1900
Tarun Tahiliani,Men's Tops,Good,118800,42600
Max,Women's Tops,Good,1900,700
AND,Women's Bottoms,Like New,8800,5300
Anamika Khanna,Men's Formal,Good,17900,7800
Rangmanch,Men's Outerwear,Good,4800,2450
No Brand,Women's Outerwear,New with tags,1000,850
Anamika Khanna,Men's Tops,Like New,33900,19300
Uniqlo,Women's Traditional,Like New,4000,2850
Tarun Tahiliani,Men's Tops,Good,50900,20100
Pantaloons,Women's Bottoms,Good,3300,1600
Sangria,Men's Bottoms,New with tags,1400,1000
Vans,Men's Formal,Like New,7400,5400
H&M,Women's Bottoms,Like New,1100,650
Steve Madden,Women's Tops,Like New,4700,2950
Monte Carlo,Jewelry,Good,4600,1800
Abu Jani Sandeep Khosla,Women's Bottoms,Fair,76100,18000
Baggit,Men's Outerwear,New with tags,5500,4750
Payal Singhal,Footwear,Like New,14000,8550
Nanushka,Women's Bottoms,Good,19500,7500
Thrift,Bags,Well Loved,550,100
& Other Stories,Men's Bottoms,Like New,12200,7900
Steve Madden,Bags,Like New,3700,2300
H&M,Women's Bottoms,Good,2500,1100
Reebok,Women's Dresses,Good,2900,1250
Reformation,Women's Traditional,Good,22000,9900
Reliance Trends,Women's Tops,Fair,1700,400
Steve Madden,Women's Bottoms,Like New,7500,5200
& Other Stories,Women's Dresses,Like New,8100,5200
Nine West,Women's Outerwear,Well Loved,7500,1150
Tommy Hilfiger,Footwear,Good,10900,5000
Rohit Bal,Women's Bottoms,New with tags,67900,56700
Under Armour,Men's Bottoms,Fair,6900,1850
Chemistry,Women's Tops,Good,3500,1350
Abu Jani Sandeep Khosla,Men's Bottoms,Good,42900,16950
Sabyasachi,Women's Traditional,Good,93600,35400
Allen Solly,Men's Bottoms,Fair,4300,900
H&M,Men's Outerwear,Like New,2400,1650
No Brand,Men's Outerwear,Fair,350,100
Tribe Amrapali,Bags,Fair,3200,1100
V-Mart,Men's Tops,Well Loved,1450,150
Calvin Klein,Women's Tops,Good,9800,3950
Calvin Klein,Bags,Like New,11000,8250
W,Men's Outerwear,Good,2000,950
New Balance,Women's Outerwear,Good,6200,3300
Adidas,Men's Bottoms,Like New,3100,1700
Aldo,Women's Bottoms,Good,3900,1700
Shantanu & Nikhil,Women's Tops,Like New,16700,10800
Ritu Wear,Men's Bottoms,Fair,3400,600
Under Armour,Bags,Good,4100,2000
Local Brand,Men's Bottoms,Fair,300,100
Aurelia,Men's Tops,Like New,4500,2200
Calvin Klein,Women's Dresses,Well Loved,12700,1400
Louis Philippe,Women's Traditional,Like New,3500,2600
Nike,Men's Bottoms,Well Loved,4300,650
Aldo,Women's Dresses,Good,3400,1500
Ralph Lauren,Women's Sets,Well Loved,14500,1850
Anita Dongre,Women's Bottoms,New with tags,16300,12850
Anatomy,Women's Tops,Like New,3800,2250
Reformation,Women's Tops,New with tags,22800,15950
Van Heusen,Men's Outerwear,Good,4400,2150
Sabyasachi,Women's Dresses,Good,109500,43750
Acne Studios,Footwear,New with tags,37900,31850
No Brand,Bags,Like New,500,300
Accessorize,Women's Traditional,Well Loved,2600,350
Vintage,Bags,Like New,0,3050
Sangria,Women's Tops,Fair,3300,800
Anamika Khanna,Women's Dresses,Good,11900,4400
Rangmanch,Women's Tops,Fair,1600,400
Ralph Lauren,Women's Tops,Good,11500,4750
Reliance Trends,Women's Tops,Good,1750,700
Ritu Wear,Women's Traditional,Good,4700,2450
V-Mart,Women's Bottoms,Good,350,150
Hidesign,Men's Tops,Good,18900,7500
Shantanu & Nikhil,Women's Outerwear,Good,32500,14200
Toteme,Men's Tops,Like New,16200,9250
Peter England,Women's Tops,New with tags,1100,750
Sangria,Men's Outerwear,Like New,2600,1700
Pantaloons,Women's Bottoms,Like New,1900,1200
Vans,Women's Outerwear,Fair,6900,2100
AND,Accessories,Fair,2700,550
Reliance Trends,Women's Bottoms,Good,1100,400
Manish Malhotra,Women's Bottoms,Good,116100,57500
Reliance Trends,Men's Bottoms,Like New,1700,1050
Aurelia,Men's Outerwear,New with tags,1400,1260
Mango,Men's Formal,Like New,6900,4600
Park Avenue,Women's Bottoms,Like New,3400,1850
Calvin Klein,Footwear,Fair,8200,1900
Biba,Women's Sets,Like New,4400,2700
Manish Malhotra,Women's Tops,Fair,87500,20400
Thrift,Women's Sets,Good,600,250
No Brand,Men's Bottoms,Well Loved,1100,150
Masaba Gupta,Women's Dresses,Good,11300,4650
Only,Footwear,Like New,3400,2250
Forever 21,Women's Tops,Like New,1300,700
Hidesign,Women's Sets,Good,18700,9250
Pantaloons,Women's Tops,Like New,3000,2100
Jaypore,Men's Outerwear,Fair,6900,1950
Anju Modi,Men's Tops,Like New,11600,6100
Only,Bags,Good,1800,950
FabIndia,Footwear,Like New,1800,1350
Rohit Bal,Men's Outerwear,Like New,31300,21450
Baggit,Women's Bottoms,Like New,2800,1750
New Balance,Footwear,Fair,12900,3200
Anita Dongre,Bags,Good,22600,10250
COS,Men's Outerwear,Good,13400,5800
Chemistry,Women's Tops,Good,4000,1600
Converse,Men's Bottoms,Fair,5700,1350
Jaypore,Women's Outerwear,Like New,7000,4900
Sabyasachi,Women's Bottoms,Fair,97900,21600
Amrapali,Men's Bottoms,Like New,13700,8100
Louis Philippe,Women's Traditional,Like New,6700,4450
W,Bags,Good,4300,2150
Manish Malhotra,Men's Bottoms,Good,47700,17350
Calvin Klein,Women's Traditional,Like New,3900,2650
Max,Women's Tops,Good,1900,800
Converse,Women's Traditional,Fair,6700,2200
Reebok,Footwear,New with tags,3000,2700
Rangmanch,Women's Traditional,Like New,3100,2300
Global Desi,Footwear,Fair,4900,1100
Rohit Bal,Women's Dresses,Like New,64500,43400
Arrow,Women's Outerwear,New with tags,3800,3420
Tommy Hilfiger,Women's Tops,Fair,7900,1900
Vans,Men's Bottoms,Well Loved,4000,400
Chemistry,Women's Outerwear,New with tags,3200,2750
Sabyasachi,Women's Traditional,Well Loved,169800,31600
Park Avenue,Men's Formal,Like New,2600,1900
Max,Men's Tops,Good,1500,500
Thrift,Women's Bottoms,Fair,800,150
H&M,Women's Tops,New with tags,4100,3150
Amrapali,Men's Tops,Like New,12500,8100
Thrift,Women's Dresses,Good,750,350
Only,Men's Outerwear,Like New,1300,850
Van Heusen,Men's Formal,Like New,2200,1550
Monte Carlo,Women's Traditional,Well Loved,3400,450
Max,Women's Outerwear,Good,600,250
Converse,Women's Dresses,Fair,4100,950
Puma,Footwear,Like New,6000,3600
Global Desi,Women's Tops,New with tags,5600,4250
AND,Men's Outerwear,Good,6800,3500
Chemistry,Men's Tops,Fair,3200,700
Anju Modi,Men's Outerwear,Good,16400,7050
Arrow,Women's Tops,Good,3300,1100
Calvin Klein,Men's Bottoms,Good,11900,4950
& Other Stories,Men's Tops,New with tags,13500,10600
Sangria,Women's Dresses,Fair,2400,550
Park Avenue,Women's Bottoms,New with tags,5000,4100
Thrift,Women's Traditional,Fair,1000,250
Tarun Tahiliani,Women's Outerwear,Like New,37000,26000
Anju Modi,Women's Tops,New with tags,10900,7750
Anju Modi,Women's Bottoms,Well Loved,22600,2650
Zara,Women's Tops,New with tags,4000,3000
Skechers,Women's Bottoms,Well Loved,7400,750
Local Brand,Women's Sets,Good,1450,550
Masaba Gupta,Women's Outerwear,Good,6300,2750
Tarun Tahiliani,Women's Bottoms,Well Loved,92400,10950
Toteme,Women's Outerwear,Like New,12100,8300
Reformation,Women's Traditional,Well Loved,21300,3200
Monte Carlo,Women's Traditional,New with tags,2800,2400
Calvin Klein,Women's Tops,Well Loved,8600,1250
Tribe Amrapali,Jewelry,Fair,3100,900
Tommy Hilfiger,Men's Bottoms,Good,5700,1950
Nanushka,Men's Bottoms,Well Loved,27400,3000
Reebok,Footwear,Well Loved,5000,900
New Balance,Women's Bottoms,Well Loved,8100,1100
Tarun Tahiliani,Footwear,Like New,113400,67150
Manish Malhotra,Men's Tops,Like New,138500,86750
Park Avenue,Women's Tops,Fair,4300,1150
ASOS,Men's Tops,Like New,4200,2450
Lacoste,Men's Formal,Fair,13800,3100
Mango,Women's Traditional,Like New,1400,1000
FabIndia,Women's Bottoms,Fair,4700,1200
Anatomy,Accessories,New with tags,2900,2100
Sabyasachi,Women's Bottoms,Fair,106400,29750
Anatomy,Women's Bottoms,Like New,3900,2500
Lacoste,Women's Tops,Like New,4700,2750
Charles & Keith,Footwear,Fair,4300,1100
Park Avenue,Men's Tops,Good,5400,1750
Anita Dongre,Men's Formal,Like New,35000,20700
Allen Solly,Women's Traditional,Like New,4800,3300
Nike,Footwear,Good,4500,1850
Max,Men's Outerwear,Well Loved,900,150
Clarks,Women's Bottoms,Like New,4000,2200
Forever 21,Men's Outerwear,Good,2700,1150
COS,Women's Traditional,Well Loved,13200,2300
Steve Madden,Bags,Fair,7300,2250
Thrift,Women's Tops,Well Loved,1400,200
Payal Singhal,Men's Outerwear,New with tags,23700,21330
Forever 21,Women's Tops,Good,2500,900
Acne Studios,Men's Tops,Like New,44900,27600
W,Women's Traditional,Fair,5400,1500
Abu Jani Sandeep Khosla,Women's Traditional,Like New,43500,28650
Payal Singhal,Women's Sets,Fair,25900,5900
FabIndia,Women's Traditional,Fair,3600,950
Masaba Gupta,Women's Tops,Good,15300,6150
Thrift,Footwear,Fair,400,100
Amrapali,Accessories,Good,14200,4350
Monte Carlo,Men's Formal,Good,1700,750
Payal Singhal,Women's Outerwear,Good,21300,11750
Under Armour,Men's Formal,Good,4000,1600
COS,Women's Traditional,Fair,4500,1000
Hidesign,Men's Tops,Good,7400,3000
Under Armour,Men's Outerwear,Like New,4400,2900
Manish Malhotra,Women's Tops,New with tags,52700,37350
Thrift,Footwear,Like New,1450,850
Hidesign,Footwear,Good,9400,3850
Tarun Tahiliani,Women's Bottoms,Like New,43600,25700
ARKET,Women's Outerwear,Like New,10900,7450
Calvin Klein,Bags,Well Loved,14000,2700
Payal Singhal,Women's Tops,Fair,8900,1950
Amrapali,Women's Outerwear,Good,13800,7800
No Brand,Women's Bottoms,Good,1000,350
Nike,Footwear,Fair,9700,2700
Shantanu & Nikhil,Men's Outerwear,Fair,24600,6050
Van Heusen,Women's Traditional,Good,2100,1000
Accessorize,Men's Bottoms,Good,1500,600
Thrift,Men's Tops,Like New,1350,700
Marks & Spencer,Women's Outerwear,Fair,5200,1650
Peter England,Women's Tops,Fair,1700,400
Ritu Kumar,Women's Traditional,Good,16200,7250
Anatomy,Women's Outerwear,Like New,1600,1150
FabIndia,Footwear,Like New,3900,2350
Nike,Bags,New with tags,2600,2100
Uniqlo,Men's Tops,Like New,5400,3500
Mango,Men's Bottoms,Well Loved,10000,1500
Aldo,Women's Tops,Like New,7000,4300
Rangmanch,Men's Outerwear,Fair,900,300
Ralph Lauren,Men's Formal,Like New,15900,9350
No Brand,Men's Outerwear,Fair,900,250
Reebok,Men's Formal,Good,6700,2850
Monte Carlo,Women's Tops,Like New,4500,2750
Anatomy,Men's Outerwear,Fair,2200,650
Rangmanch,Men's Bottoms,Good,2100,850
Rohit Bal,Bags,Like New,77400,53500
Reliance Trends,Footwear,Good,1050,500
Payal Singhal,Women's Dresses,Like New,8400,5300
Vans,Women's Tops,Like New,6000,3450
Baggit,Women's Tops,Like New,5600,3050
Converse,Men's Tops,New with tags,3800,2600
H&M,Women's Traditional,Well Loved,1000,150
Ritu Wear,Bags,Fair,2500,600
Westside,Women's Bottoms,Good,1600,650
W,Women's Bottoms,New with tags,1500,1100
Clarks,Women's Dresses,Well Loved,11000,1500
Anju Modi,Women's Outerwear,Fair,17500,5650
Vans,Women's Traditional,Fair,7300,1800
Vintage,Men's Bottoms,Good,0,1650
Aurelia,Men's Tops,New with tags,4500,3550
Park Avenue,Women's Outerwear,Well Loved,4600,750
Anatomy,Women's Traditional,Fair,1300,350
Chemistry,Men's Bottoms,Like New,2400,1350
Pantaloons,Women's Tops,Good,2900,1100
Rangmanch,Men's Formal,Like New,900,600
Skechers,Men's Tops,Good,5000,1750
ASOS,Women's Tops,Fair,4300,800
Acne Studios,Women's Bottoms,Like New,40200,24200
Manish Malhotra,Men's Tops,Like New,79400,38300
Park Avenue,Women's Bottoms,Good,5200,2350
COS,Women's Traditional,Like New,4600,3100
Uniqlo,Bags,Like New,2300,1450
Manish Malhotra,Women's Outerwear,Like New,113600,85150
Calvin Klein,Men's Bottoms,New with tags,8900,6550
Mango,Men's Tops,Well Loved,4700,550
COS,Women's Outerwear,Like New,8400,5700
W,Women's Bottoms,Good,2200,800
Marks & Spencer,Women's Traditional,Fair,4700,1600
Sangria,Women's Bottoms,Well Loved,2700,450
Nanushka,Women's Outerwear,Good,27600,13700
Accessorize,Women's Tops,New with tags,3700,2850
Charles & Keith,Women's Dresses,Good,2600,1000
& Other Stories,Women's Outerwear,Fair,11500,3100
Amrapali,Women's Dresses,Like New,9400,5700
Local Brand,Jewelry,Good,1600,600
Ritu Kumar,Women's Dresses,Well Loved,21600,2350
Under Armour,Women's Outerwear,Like New,2300,2000
Hidesign,Men's Tops,Like New,9100,4550
Baggit,Women's Tops,Like New,4200,2200
Anju Modi,Women's Bottoms,Good,25300,9600
Vero Moda,Men's Bottoms,Like New,4600,2350
Clarks,Women's Outerwear,Good,11700,5650
Accessorize,Women's Tops,Well Loved,2000,200
Chemistry,Men's Tops,Good,1300,550
Tribe Amrapali,Women's Traditional,New with tags,8300,7350
Peter England,Men's Bottoms,Like New,2300,1300
Reliance Trends,Women's Dresses,Like New,1550,1050
Sabyasachi,Women's Tops,Good,157400,69250
Aurelia,Accessories,Like New,2900,1650
H&M,Footwear,Well Loved,1000,150
Forever 21,Bags,Fair,3200,900
Amrapali,Men's Tops,Good,18800,7100
Rohit Bal,Bags,Like New,63900,42250
Reformation,Women's Bottoms,Good,19600,7700
Tommy Hilfiger,Women's Tops,Fair,8800,2350
No Brand,Accessories,New with tags,1100,700
Vero Moda,Women's Bottoms,Like New,5800,3550
Puma,Men's Bottoms,Fair,6600,1550
Max,Men's Bottoms,Like New,700,450
Aurelia,Men's Tops,New with tags,1500,1000
Only,Women's Dresses,Good,3900,1450
Nanushka,Women's Bottoms,Like New,28900,18850
Zara,Women's Bottoms,Fair,7400,1800
H&M,Women's Traditional,Well Loved,900,150
Shantanu & Nikhil,Women's Traditional,Like New,17200,11950
Acne Studios,Women's Tops,Like New,48300,31850
Ritu Kumar,Women's Tops,Good,6200,2850
New Balance,Bags,Good,8000,3500
AND,Jewelry,Fair,8500,2350
Masaba Gupta,Accessories,Fair,21100,4150
Rangmanch,Men's Bottoms,Fair,1500,400
Nike,Bags,Fair,4000,1150
Westside,Women's Dresses,Good,500,250
Skechers,Women's Tops,Like New,2800,1700
ASOS,Women's Bottoms,Good,3900,1650
Westside,Jewelry,Fair,3700,1000
Mango,Men's Bottoms,Fair,8900,2400
Rohit Bal,Women's Tops,Fair,41600,10700
Pantaloons,Women's Bottoms,Good,900,350
Marks & Spencer,Women's Bottoms,Well Loved,6000,750
Abu Jani Sandeep Khosla,Women's Bottoms,Well Loved,93200,12950
Nine West,Men's Tops,Well Loved,7000,1000
Baggit,Women's Tops,Good,5400,2550
Local Brand,Women's Tops,Like New,1650,1100
Monte Carlo,Accessories,Good,1900,600
ARKET,Women's Tops,Fair,17200,4050
Amrapali,Women's Tops,Like New,9500,5650
No Brand,Women's Dresses,Fair,1200,250
Toteme,Women's Dresses,Good,15600,6450
W,Women's Outerwear,Fair,2300,650
Reformation,Men's Tops,Like New,19300,12100
Local Brand,Women's Outerwear,Good,1350,700
Max,Women's Traditional,Fair,1400,400
Under Armour,Women's Bottoms,Good,7100,3000
Anita Dongre,Bags,Fair,35400,10000
Tommy Hilfiger,Jewelry,Good,6000,3150
Aurelia,Women's Traditional,Good,2000,900
Peter England,Women's Traditional,Like New,3200,2400
Vans,Women's Traditional,Like New,4100,2750
Reformation,Women's Bottoms,Fair,11300,2800
Max,Women's Tops,Fair,2200,550
Calvin Klein,Bags,New with tags,13700,10650
Van Heusen,Men's Tops,Good,5900,2250
Rohit Bal,Women's Tops,Like New,41600,23350
Tribe Amrapali,Men's Bottoms,Well Loved,6500,650
Tribe Amrapali,Women's Bottoms,Good,4300,1450
Baggit,Men's Tops,Well Loved,2100,300
Accessorize,Women's Bottoms,Fair,3300,700
Forever 21,Women's Outerwear,Like New,1700,1400
Park Avenue,Women's Bottoms,Fair,1300,350
Louis Philippe,Women's Dresses,Good,5300,2500
& Other Stories,Men's Bottoms,Like New,10400,6150
Zara,Women's Tops,Good,3400,1200
Tommy Hilfiger,Women's Tops,Like New,9800,5000
Vans,Women's Traditional,Good,5400,2450
Vans,Women's Tops,Well Loved,7600,900
Nanushka,Women's Sets,Good,20000,9350
Park Avenue,Women's Dresses,Good,4400,1450
Reformation,Women's Outerwear,Fair,24300,6750
FabIndia,Women's Bottoms,Fair,3400,800
Tommy Hilfiger,Women's Traditional,New with tags,5300,4770
Park Avenue,Women's Bottoms,Good,2500,1100
Amrapali,Women's Sets,Good,11700,5000
Reebok,Jewelry,Good,1600,650
& Other Stories,Women's Dresses,Good,7800,2850
Under Armour,Men's Bottoms,Like New,6800,3450
Hidesign,Women's Traditional,Like New,18800,12950
Puma,Women's Sets,Fair,1800,450
Adidas,Women's Sets,Good,8300,3650
Ritu Wear,Women's Bottoms,Fair,6600,1800
Rangmanch,Women's Traditional,Like New,900,550
Toteme,Women's Tops,Good,16700,7650
Amrapali,Men's Bottoms,Like New,13300,7400
FabIndia,Men's Outerwear,Good,2500,1300
Charles & Keith,Women's Outerwear,Fair,8700,2300
Anju Modi,Men's Tops,New with tags,12500,9100
Shantanu & Nikhil,Men's Bottoms,Good,21300,10050
Vero Moda,Men's Tops,Well Loved,1600,200
Park Avenue,Men's Tops,Like New,4200,2700
Vero Moda,Men's Bottoms,Fair,2100,600
Louis Philippe,Men's Tops,New with tags,4400,3500
Louis Philippe,Footwear,Like New,3900,2350
Anita Dongre,Women's Traditional,Like New,19900,14100
Clarks,Men's Formal,Fair,10800,2650
Aldo,Women's Bottoms,Fair,5600,1200
Van Heusen,Men's Outerwear,New with tags,3400,3060
FabIndia,Women's Tops,Good,2600,900
Zara,Women's Traditional,New with tags,4300,3800
Ralph Lauren,Women's Traditional,Well Loved,5100,800
Westside,Women's Traditional,Like New,2000,1400
COS,Jewelry,Good,8800,3800
Sabyasachi,Women's Outerwear,Fair,75800,17400
Aurelia,Women's Traditional,Like New,900,700
New Balance,Women's Tops,Good,9500,3600
Rangmanch,Women's Dresses,Well Loved,4400,500
COS,Men's Outerwear,Like New,7800,5300
Anita Dongre,Men's Tops,Like New,39200,22850
Converse,Women's Outerwear,New with tags,5400,4860
Zara,Women's Bottoms,Fair,7900,2100
Vero Moda,Women's Bottoms,Good,5000,2150
Zara,Women's Bottoms,Fair,6000,1200
Rangmanch,Women's Tops,Well Loved,4700,600
Anju Modi,Men's Formal,Like New,19100,14550
Hidesign,Women's Outerwear,Good,12200,5800
New Balance,Women's Traditional,Well Loved,11400,1650
Zara,Women's Tops,New with tags,6900,5200
Reliance Trends,Women's Tops,Like New,1900,1050
Acne Studios,Men's Tops,Good,41300,13750
Jaypore,Men's Bottoms,Good,5300,1800
Thrift,Women's Traditional,Fair,350,100
No Brand,Accessories,Fair,1000,200
Acne Studios,Women's Tops,Good,25000,11800
Uniqlo,Women's Dresses,Like New,1600,1050
Monte Carlo,Accessories,Fair,2700,700
Payal Singhal,Women's Dresses,Good,27000,11200
Nike,Men's Tops,Like New,2400,1500
Mango,Men's Bottoms,Like New,7200,4950
Calvin Klein,Women's Traditional,Good,9400,4300
Levi's,Women's Bottoms,Like New,3900,2700
Van Heusen,Women's Traditional,Good,3700,1500
New Balance,Women's Sets,Like New,5400,3000
Reformation,Bags,Like New,10300,6750
Clarks,Jewelry,Like New,4500,3200
Amrapali,Women's Outerwear,Well Loved,18000,2300
V-Mart,Women's Outerwear,Well Loved,1050,100
Nike,Women's Bottoms,Well Loved,6300,1100
Thrift,Women's Tops,Fair,700,200
Reliance Trends,Women's Sets,Fair,750,200
Aurelia,Women's Bottoms,Like New,3900,2550
Anju Modi,Women's Dresses,Good,25800,10150
Zara,Men's Tops,New with tags,2100,1500
Reliance Trends,Women's Bottoms,Like New,1100,700
Rangmanch,Women's Tops,Good,3900,1700
Tribe Amrapali,Women's Traditional,Like New,1600,1300
Toteme,Women's Bottoms,New with tags,13600,9550
Manish Malhotra,Bags,Like New,121000,85300
Uniqlo,Women's Tops,Fair,6300,1600
Accessorize,Women's Bottoms,New with tags,3000,2150
Ritu Kumar,Women's Tops,Like New,18300,10600
Hidesign,Women's Tops,Good,6400,2500
Ritu Wear,Men's Tops,Good,8300,3500
Hidesign,Women's Tops,Well Loved,9700,1200
Shantanu & Nikhil,Footwear,Good,12800,5800
Vero Moda,Women's Bottoms,Good,2400,1000
COS,Women's Bottoms,Good,8100,3400
Anamika Khanna,Men's Outerwear,Fair,39300,11150
Reformation,Women's Traditional,Fair,21400,5250
Max,Women's Traditional,Fair,700,150
Ritu Wear,Women's Outerwear,Good,5100,2800
Under Armour,Women's Tops,Well Loved,7500,950
Park Avenue,Women's Dresses,Good,5100,2100
Only,Women's Dresses,Fair,4200,850
Jaypore,Women's Tops,Well Loved,1300,200
ARKET,Women's Tops,Like New,16000,10950
Converse,Women's Traditional,Fair,6000,1850
Levi's,Men's Outerwear,New with tags,3400,3060
Tribe Amrapali,Men's Bottoms,Good,4700,1450
Thrift,Women's Tops,Fair,1350,250
Shantanu & Nikhil,Women's Bottoms,New with tags,30400,25400
Westside,Men's Bottoms,Fair,2900,600
AND,Women's Traditional,Good,1300,500
Rohit Bal,Men's Tops,Like New,33800,18600
W,Women's Sets,Fair,5600,1550
Vero Moda,Bags,Like New,1400,1050
Marks & Spencer,Women's Traditional,New with tags,4000,3600
Reliance Trends,Men's Formal,Fair,1150,300
Tribe Amrapali,Women's Bottoms,Fair,6300,1250
Anamika Khanna,Women's Traditional,Fair,19400,4500
COS,Women's Tops,Good,12300,4750
Rohit Bal,Women's Bottoms,New with tags,56400,48350
Accessorize,Women's Tops,Like New,3800,2000
Adidas,Bags,Good,4100,1750
Toteme,Men's Bottoms,New with tags,20200,13950
Ralph Lauren,Women's Tops,Fair,12200,2900
Tommy Hilfiger,Women's Bottoms,Good,11000,4250
Marks & Spencer,Men's Outerwear,Good,6500,3100
Allen Solly,Jewelry,Good,3700,1750
Toteme,Women's Outerwear,Like New,31400,24450
Ritu Wear,Women's Bottoms,Well Loved,6100,1000
Anatomy,Women's Tops,New with tags,4000,3350
Anju Modi,Women's Dresses,Good,10900,3900
Max,Women's Traditional,New with tags,800,700
Westside,Accessories,Fair,2000,550
Sangria,Women's Dresses,Like New,1600,1000
Toteme,Women's Traditional,Good,25600,10100
H&M,Women's Dresses,Like New,4000,2650
Masaba Gupta,Men's Bottoms,Like New,21400,12400
Converse,Women's Traditional,Good,7300,3400
Anju Modi,Women's Outerwear,Good,19300,9050
Zara,Men's Bottoms,Well Loved,8400,1100
Under Armour,Women's Tops,Like New,5600,3400
ARKET,Women's Bottoms,New with tags,7000,5700
Reebok,Women's Sets,Well Loved,5800,700
Forever 21,Accessories,Like New,1300,700
Vero Moda,Women's Bottoms,Good,1300,450
Vans,Footwear,Good,5400,2400
Zara,Men's Formal,New with tags,8200,7350
Calvin Klein,Women's Bottoms,Well Loved,8600,1250
Forever 21,Women's Outerwear,Good,1900,850
Local Brand,Women's Bottoms,Fair,1150,250
Reebok,Women's Tops,Fair,6600,1500
H&M,Women's Bottoms,Fair,4500,1350
Biba,Men's Tops,Good,1200,450
Arrow,Men's Bottoms,Good,2200,750
Max,Bags,Like New,1200,750
& Other Stories,Men's Tops,Good,8300,2950
Arrow,Women's Traditional,Well Loved,2800,500
Amrapali,Women's Bottoms,Good,12200,5250
Forever 21,Men's Tops,Good,3800,1450
Anju Modi,Men's Outerwear,Like New,21900,15450
Anatomy,Men's Bottoms,Good,3100,1250
Rohit Bal,Men's Tops,Fair,36700,9250
ARKET,Women's Bottoms,Good,6600,3300
H&M,Footwear,Good,3600,1700
Hidesign,Women's Dresses,Like New,14500,9700
Only,Men's Tops,New with tags,4600,2900
Amrapali,Men's Formal,Good,15600,6050
Max,Jewelry,Like New,2400,1600
Anita Dongre,Men's Outerwear,Good,12100,6600
Lacoste,Women's Traditional,Like New,5600,3900
Toteme,Women's Dresses,Good,29600,13900
Aldo,Men's Formal,Like New,4300,2350
Manish Malhotra,Men's Tops,Good,43100,18950
Shantanu & Nikhil,Women's Sets,New with tags,27800,24750
FabIndia,Women's Bottoms,Good,2200,900
Tribe Amrapali,Men's Bottoms,Good,3600,1600
Thrift,Men's Formal,Like New,1400,750
Aldo,Footwear,New with tags,5200,4680
Aurelia,Women's Tops,Fair,2500,600
Levi's,Men's Tops,Like New,4500,2950
Zara,Women's Outerwear,Well Loved,6200,1100
& Other Stories,Accessories,Well Loved,8600,1050
Tommy Hilfiger,Women's Dresses,Like New,4100,2650
Allen Solly,Women's Dresses,Like New,5400,2950
Skechers,Women's Tops,New with tags,6300,4500
Uniqlo,Bags,Like New,4200,2950
Anatomy,Women's Traditional,Well Loved,4700,600
Nike,Accessories,Like New,8300,4200
Levi's,Bags,Good,8200,3900
Reebok,Men's Tops,Good,3900,1450
Payal Singhal,Women's Traditional,Fair,27100,6700
Reliance Trends,Men's Outerwear,Good,1950,750
Zara,Men's Outerwear,Good,2300,950
Amrapali,Women's Traditional,Fair,5100,1150
Under Armour,Women's Bottoms,Good,3900,1350
Adidas,Men's Tops,Good,2500,900
Anamika Khanna,Women's Sets,Good,30100,13750
Uniqlo,Women's Bottoms,Fair,3900,1100
& Other Stories,Women's Traditional,Good,9700,3700
Tarun Tahiliani,Men's Tops,Fair,119000,29250
Rangmanch,Women's Tops,Good,3100,1050
Westside,Women's Tops,Fair,3000,700
Rangmanch,Women's Tops,Fair,2900,550
W,Women's Dresses,Good,5500,2750
COS,Women's Tops,New with tags,4100,2950
Forever 21,Women's Bottoms,New with tags,3100,2700
Park Avenue,Jewelry,Well Loved,5400,750
ARKET,Women's Tops,Like New,8400,5550
Tribe Amrapali,Women's Bottoms,Like New,2500,1400
Reformation,Men's Bottoms,Fair,24400,5450
& Other Stories,Women's Dresses,Like New,8500,5050
Accessorize,Women's Bottoms,Like New,1600,900
Clarks,Men's Tops,Fair,5300,1150
Masaba Gupta,Women's Bottoms,Good,14400,5700
AND,Women's Bottoms,Good,5300,2500
Puma,Men's Bottoms,Good,6100,1950
Jaypore,Women's Traditional,Good,5400,2250
Payal Singhal,Women's Bottoms,Like New,12800,8600
Reformation,Women's Traditional,Like New,9900,6200
New Balance,Women's Tops,Good,9100,3800
Shantanu & Nikhil,Women's Outerwear,Like New,18700,12800
ASOS,Women's Bottoms,New with tags,3500,2750
Converse,Women's Bottoms,Like New,4700,2950
COS,Men's Tops,Good,14500,4550
Rohit Bal,Women's Sets,Like New,54300,37000
Rangmanch,Women's Traditional,Like New,3900,2700
Levi's,Women's Bottoms,Like New,6600,3950
Sabyasachi,Women's Tops,Good,153600,58250
Steve Madden,Women's Bottoms,Good,4200,1600
Manish Malhotra,Men's Tops,Good,42300,19650
Calvin Klein,Men's Tops,Fair,9700,2600
Baggit,Footwear,Good,1200,500
Converse,Men's Formal,Good,4300,1550
Vans,Men's Outerwear,Like New,5700,4000
Baggit,Women's Bottoms,Good,5100,1900
Allen Solly,Men's Bottoms,Fair,5500,1200
Allen Solly,Men's Bottoms,New with tags,5900,4700
Reformation,Women's Outerwear,New with tags,17800,16020
Levi's,Men's Bottoms,Like New,8700,5750
Arrow,Footwear,Good,5800,2400
Global Desi,Footwear,Like New,5000,3400
Ritu Kumar,Women's Sets,Good,26000,10900
Sangria,Accessories,Fair,1700,400
Reformation,Women's Traditional,Like New,24400,17850
Vans,Women's Dresses,New with tags,4800,3650
No Brand,Women's Tops,Good,150,100
Anita Dongre,Women's Bottoms,Like New,17100,11550
Monte Carlo,Women's Bottoms,New with tags,2000,1500
Thrift,Footwear,Like New,250,150
Ritu Wear,Women's Traditional,Well Loved,2200,300
Puma,Women's Bottoms,Good,6300,2550
Uniqlo,Women's Bottoms,Like New,2000,1150
Pantaloons,Women's Dresses,Like New,3600,2050
ASOS,Men's Tops,Good,3600,1250
Pantaloons,Women's Traditional,Like New,600,450
Only,Women's Tops,Like New,4600,2950
Amrapali,Women's Tops,Good,12600,5050
Aurelia,Women's Tops,Good,2700,1150
Anita Dongre,Women's Tops,Like New,39600,22700
Converse,Women's Sets,Good,7400,2950
Van Heusen,Men's Bottoms,New with tags,2200,1700
Anatomy,Women's Tops,Fair,3500,750
Sabyasachi,Men's Outerwear,Good,76100,29350
& Other Stories,Women's Dresses,Like New,4600,2650
Aurelia,Women's Tops,Like New,2500,1750
Arrow,Women's Bottoms,Good,3300,1250
Reformation,Men's Tops,Like New,21900,11800
Arrow,Women's Bottoms,Good,2600,1000
Amrapali,Men's Tops,Like New,14900,7800
Vero Moda,Women's Tops,Like New,1500,900
Rohit Bal,Men's Tops,Fair,59100,12550
Nanushka,Women's Traditional,Fair,14800,4600
Chemistry,Women's Bottoms,Well Loved,2700,350
Ralph Lauren,Women's Outerwear,Good,10100,5450
Nike,Men's Outerwear,Good,9400,4300
Accessorize,Women's Traditional,Good,2800,1450
Louis Philippe,Women's Bottoms,Good,5300,2250
Rangmanch,Women's Tops,New with tags,3900,3100
Anatomy,Bags,Good,4000,2200
Steve Madden,Women's Tops,Fair,8100,2100
Payal Singhal,Women's Tops,Like New,6800,4200
Amrapali,Men's Tops,Fair,18700,4200
Tribe Amrapali,Women's Tops,Good,5700,2100
Adidas,Women's Bottoms,Fair,4900,1300
Anju Modi,Women's Sets,Good,22400,9650
Sabyasachi,Women's Outerwear,Like New,129700,80150
Louis Philippe,Women's Dresses,Fair,5200,1250
Vintage,Footwear,Fair,0,1100
Anamika Khanna,Women's Sets,Like New,25000,15100
Anita Dongre,Men's Tops,Like New,15200,10250
Nine West,Women's Traditional,Like New,8200,5050
Park Avenue,Women's Sets,Fair,5700,1450
Masaba Gupta,Women's Dresses,Fair,16700,5400
Abu Jani Sandeep Khosla,Women's Tops,Good,44000,17250
Levi's,Women's Dresses,Fair,8500,2450
Steve Madden,Women's Dresses,Fair,6900,1950
Rohit Bal,Women's Outerwear,New with tags,47900,43110
Peter England,Women's Traditional,Like New,3100,2000
Hidesign,Men's Tops,Good,8900,4100
Tarun Tahiliani,Bags,New with tags,101500,91000
Tribe Amrapali,Men's Tops,Fair,5600,1150
Toteme,Women's Traditional,Good,13400,6650
Amrapali,Women's Outerwear,Like New,18600,11550
Manish Malhotra,Women's Bottoms,Fair,137700,37600
Manish Malhotra,Footwear,Like New,46300,27900
Adidas,Women's Tops,Like New,6500,3550
Reliance Trends,Women's Traditional,Good,1450,650
Levi's,Women's Dresses,Fair,4800,1300
Vans,Bags,Fair,4800,1400
New Balance,Women's Outerwear,Good,5900,2650
Vintage,Women's Dresses,New with tags,0,3850
Puma,Men's Bottoms,Like New,3400,1900
Steve Madden,Men's Tops,Good,6200,2150
Rohit Bal,Women's Bottoms,Good,41500,16900
V-Mart,Women's Traditional,New with tags,750,600
Tribe Amrapali,Women's Bottoms,Good,1900,750
Global Desi,Bags,Well Loved,7900,1200
Aldo,Men's Outerwear,Good,6700,3300
Forever 21,Men's Formal,Fair,3800,1150
Peter England,Women's Traditional,Fair,3000,1000
Pantaloons,Women's Traditional,Good,3200,1550
Pantaloons,Men's Bottoms,Well Loved,1000,100
Nike,Women's Tops,Like New,6300,3600
V-Mart,Women's Bottoms,Like New,550,350
Manish Malhotra,Women's Tops,Good,75300,26150
Pantaloons,Women's Tops,New with tags,600,500
Monte Carlo,Women's Bottoms,New with tags,4700,3750
Reebok,Bags,Good,2900,1350
Anatomy,Women's Tops,Good,1400,500
ARKET,Men's Tops,Like New,11600,6250
Peter England,Men's Bottoms,New with tags,3100,2150
FabIndia,Women's Dresses,New with tags,2300,1850
ARKET,Women's Dresses,Like New,9200,6100
Only,Women's Tops,Good,2000,700
Jaypore,Women's Outerwear,Like New,5600,4450
Vintage,Women's Tops,Like New,0,950
COS,Men's Tops,Fair,9600,2400
Thrift,Men's Bottoms,Well Loved,700,100
Ralph Lauren,Women's Traditional,Well Loved,6200,800
Hidesign,Women's Sets,Well Loved,14100,2200
& Other Stories,Men's Formal,Good,4000,1750
ASOS,Women's Outerwear,Like New,3200,2350
Jaypore,Women's Bottoms,Like New,7800,4850
H&M,Women's Traditional,Like New,2500,1900
Reliance Trends,Women's Bottoms,Fair,750,250
Park Avenue,Women's Bottoms,Well Loved,4400,650
Adidas,Women's Outerwear,Like New,4700,3100
Anatomy,Men's Tops,Fair,4600,1050
& Other Stories,Women's Traditional,Fair,11000,2700
Rohit Bal,Men's Formal,New with tags,34200,28450
Louis Philippe,Footwear,Well Loved,3800,550
Converse,Women's Tops,Fair,7500,1900
Ritu Kumar,Women's Tops,Well Loved,28800,4600
Forever 21,Women's Outerwear,Good,1100,500
Van Heusen,Women's Tops,Fair,4000,950
Tribe Amrapali,Women's Outerwear,Like New,6900,5100
Charles & Keith,Women's Outerwear,Like New,6200,4850
Vero Moda,Women's Outerwear,Like New,4800,3300
Levi's,Women's Traditional,Like New,8200,5300
Calvin Klein,Women's Tops,Like New,8100,4900
Aldo,Jewelry,Fair,7600,1950
Levi's,Women's Sets,Good,3600,1400
Arrow,Women's Dresses,Like New,3500,2250
Adidas,Bags,Good,7100,3550
Converse,Footwear,Good,7600,3300
Anatomy,Women's Bottoms,Fair,5000,1200
FabIndia,Men's Outerwear,Fair,2200,500
Under Armour,Women's Bottoms,Good,5100,2350
Reebok,Footwear,New with tags,2100,1800
Mango,Men's Formal,Good,8900,3550
Manish Malhotra,Women's Bottoms,Good,135900,47800
Westside,Women's Bottoms,Fair,3100,650
Anju Modi,Bags,Fair,24200,5000
Monte Carlo,Men's Tops,Good,1100,450
Thrift,Women's Bottoms,Like New,900,650
Charles & Keith,Footwear,Good,5700,2650
Arrow,Women's Dresses,New with tags,1700,1500
Adidas,Women's Traditional,Good,3600,1500
Reebok,Men's Tops,Like New,3700,2150
Baggit,Men's Tops,Good,1100,350
H&M,Women's Tops,Fair,1500,350
ASOS,Women's Traditional,Like New,900,600
Ritu Kumar,Women's Outerwear,Like New,19700,12450
ARKET,Bags,Good,9300,3900
Tarun Tahiliani,Men's Outerwear,New with tags,94900,85410
Peter England,Women's Tops,New with tags,1500,1300
Park Avenue,Women's Traditional,Good,2600,1050
H&M,Women's Bottoms,Fair,4300,800
Louis Philippe,Women's Tops,Like New,4700,2550
Charles & Keith,Men's Tops,Good,2700,1150
Tribe Amrapali,Men's Tops,Like New,7100,3500
Anamika Khanna,Women's Dresses,Good,31700,12400
Arrow,Men's Tops,Like New,4700,2600
Reliance Trends,Men's Formal,Fair,1100,300
W,Women's Bottoms,Like New,4200,2450
Anju Modi,Women's Bottoms,Like New,13400,8300
Chemistry,Women's Bottoms,New with tags,2600,2000
Arrow,Men's Bottoms,Good,4000,1450
Biba,Women's Traditional,Good,4900,2300
Shantanu & Nikhil,Women's Tops,Like New,31400,17700
Reformation,Women's Traditional,Fair,16900,5500
Masaba Gupta,Men's Bottoms,Like New,11200,5800
Skechers,Men's Tops,Good,7300,2450
Monte Carlo,Men's Outerwear,Good,2200,1050
Accessorize,Women's Dresses,Fair,4000,800
Anamika Khanna,Women's Traditional,Fair,14000,3850
ASOS,Men's Formal,Like New,4500,3050
Louis Philippe,Women's Dresses,Fair,5100,1200
Forever 21,Jewelry,Good,3600,1450
Amrapali,Women's Sets,Like New,7900,5650
Amrapali,Women's Dresses,Like New,10900,8100
Nanushka,Women's Bottoms,Good,19000,6850
Westside,Women's Tops,Well Loved,1600,200
Park Avenue,Women's Traditional,New with tags,4200,3350
Monte Carlo,Footwear,Like New,1000,600
Vero Moda,Women's Sets,Like New,4100,2450
Arrow,Men's Tops,Like New,4000,2000
Lacoste,Women's Bottoms,Like New,12000,7950
Under Armour,Women's Sets,Fair,5600,1750
V-Mart,Men's Tops,Good,450,200
Anju Modi,Bags,Good,10300,4150
Anamika Khanna,Footwear,New with tags,24900,22000
Skechers,Women's Outerwear,Fair,3800,1100
Westside,Women's Outerwear,Fair,1600,400
Marks & Spencer,Bags,Well Loved,6900,1200
Monte Carlo,Women's Traditional,Good,1900,850
Global Desi,Women's Bottoms,Fair,8800,2250
Vero Moda,Women's Bottoms,Good,6000,2650
Lacoste,Bags,Well Loved,6000,800
No Brand,Women's Outerwear,New with tags,550,495
Reliance Trends,Women's Bottoms,Good,1450,650
Nine West,Women's Bottoms,New with tags,6400,5150
Westside,Jewelry,Good,2200,1050
Arrow,Men's Outerwear,New with tags,1300,1100
Lacoste,Footwear,Like New,8200,5100
Masaba Gupta,Women's Outerwear,Fair,10500,3500
Tarun Tahiliani,Women's Outerwear,Good,111500,54150
No Brand,Men's Bottoms,Like New,150,100
Masaba Gupta,Women's Tops,Fair,15000,3500
ASOS,Women's Tops,Good,3700,1500
Sabyasachi,Women's Outerwear,Good,63200,32500
Anju Modi,Women's Sets,Good,9700,3950
Zara,Women's Outerwear,Good,1000,400
Amrapali,Women's Traditional,Fair,19000,5100
Mango,Men's Bottoms,Fair,3900,850
Nike,Women's Tops,Like New,3800,2350
Lacoste,Accessories,Like New,8400,4100
Jaypore,Women's Outerwear,Good,4300,2300
Rohit Bal,Bags,Good,33600,17600
Forever 21,Women's Outerwear,Fair,3300,900
Chemistry,Women's Sets,Fair,1700,400
Marks & Spencer,Women's Traditional,New with tags,2200,1850
Nanushka,Women's Traditional,Like New,20800,16150
Skechers,Men's Bottoms,Good,7300,2450
Under Armour,Women's Outerwear,Well Loved,3100,400
Arrow,Women's Bottoms,New with tags,5100,4100
Forever 21,Men's Bottoms,Good,1400,600
Accessorize,Men's Tops,Like New,3900,2500
Chemistry,Women's Tops,Good,1700,700
Tommy Hilfiger,Women's Dresses,Well Loved,11000,2000
Uniqlo,Bags,Good,1700,850
Anita Dongre,Accessories,Like New,32500,18250
Calvin Klein,Women's Traditional,Good,5600,2250
Zara,Women's Bottoms,Like New,1500,900
Amrapali,Women's Tops,Like New,4700,2750
Marks & Spencer,Footwear,Good,6900,3400
Acne Studios,Women's Traditional,Like New,47500,30900
Adidas,Men's Outerwear,Fair,4900,1200
Baggit,Men's Tops,Well Loved,1100,150
Steve Madden,Women's Traditional,Like New,8800,6550
Anamika Khanna,Men's Tops,Like New,14800,7900
AND,Women's Traditional,Like New,2400,1650
Accessorize,Women's Tops,Well Loved,2000,250
COS,Women's Traditional,New with tags,11500,10350
Manish Malhotra,Women's Bottoms,Like New,95800,53350
Rangmanch,Women's Traditional,New with tags,2600,2150
Biba,Women's Dresses,Fair,5300,1650
ARKET,Men's Outerwear,Well Loved,11900,1800
Ralph Lauren,Women's Tops,Well Loved,15600,1800
V-Mart,Men's Bottoms,Good,300,100
Baggit,Women's Traditional,New with tags,4000,3450
Converse,Men's Bottoms,New with tags,4700,3400
Biba,Women's Outerwear,Good,4600,1900
Aurelia,Women's Bottoms,New with tags,1200,1000
Forever 21,Footwear,Like New,2200,1650
Louis Philippe,Women's Sets,New with tags,3600,3000
Acne Studios,Women's Traditional,Well Loved,15000,2850
Vero Moda,Women's Traditional,Like New,4700,3550
Shantanu & Nikhil,Men's Formal,Good,11100,4250
Vans,Men's Tops,Good,7100,2500
Max,Women's Traditional,Fair,1300,400
Nike,Women's Dresses,New with tags,5200,3950
Sabyasachi,Women's Traditional,New with tags,109200,89700
Local Brand,Men's Outerwear,Good,450,200
Hidesign,Women's Tops,Like New,15400,9950
Local Brand,Women's Outerwear,Like New,1700,1050
Global Desi,Men's Outerwear,Like New,8800,6300
Calvin Klein,Men's Tops,Like New,3800,2550
Baggit,Women's Sets,Like New,2000,1350
Converse,Men's Bottoms,Good,5600,2050
Vintage,Women's Outerwear,Good,0,2400
Monte Carlo,Men's Bottoms,Well Loved,2400,300
& Other Stories,Women's Tops,Like New,13900,7800
Tommy Hilfiger,Men's Bottoms,Well Loved,11800,1450
Marks & Spencer,Women's Traditional,Good,3600,1450
Reebok,Women's Dresses,Good,2700,1150
Adidas,Men's Outerwear,Good,8500,3500
Park Avenue,Men's Outerwear,Fair,4300,1150
Thrift,Men's Tops,Well Loved,750,100
Nanushka,Men's Tops,Good,10700,4050
Tarun Tahiliani,Women's Outerwear,Like New,83400,53900
Amrapali,Women's Tops,Good,16400,6400
Mango,Men's Formal,Like New,4400,2850
Uniqlo,Women's Outerwear,Like New,6300,4250
Clarks,Men's Tops,Good,5600,1950
ARKET,Men's Outerwear,Fair,16300,4900
Payal Singhal,Women's Tops,New with tags,20900,18550
Ritu Wear,Women's Tops,Like New,3500,2000
Reliance Trends,Men's Tops,Good,450,200
Converse,Men's Outerwear,Fair,6800,1600
Van Heusen,Men's Tops,Good,5000,1850
Thrift,Men's Bottoms,Like New,400,200
Clarks,Men's Outerwear,Like New,4300,2800
Baggit,Men's Bottoms,Fair,2700,650
Biba,Men's Tops,Good,4600,1700
Adidas,Women's Tops,Fair,5900,1450
Tommy Hilfiger,Women's Sets,Like New,9400,5750
Toteme,Women's Tops,Like New,19600,10650
Marks & Spencer,Women's Sets,Like New,1600,1000
Allen Solly,Women's Traditional,Good,2000,800
Chemistry,Women's Outerwear,Like New,4000,2650
Louis Philippe,Women's Dresses,Good,4000,1550
Hidesign,Women's Outerwear,Like New,8500,6850
Uniqlo,Women's Outerwear,Good,6500,3700
Louis Philippe,Footwear,Fair,3900,900
Under Armour,Women's Dresses,Like New,7800,5250
Shantanu & Nikhil,Accessories,New with tags,23300,15050
Zara,Men's Tops,Good,2800,1100
Ritu Kumar,Accessories,Like New,12700,7550
Payal Singhal,Footwear,Like New,12700,7500
Thrift,Women's Traditional,New with tags,1350,1215
Anamika Khanna,Women's Bottoms,Like New,11600,6800
Marks & Spencer,Women's Sets,Like New,1600,1100
ASOS,Men's Bottoms,Like New,4200,2450
Sabyasachi,Women's Bottoms,Like New,87000,52150
Accessorize,Women's Dresses,Well Loved,1600,250
Nike,Men's Tops,Good,7000,2550
Zara,Women's Dresses,Like New,8800,5050
Payal Singhal,Men's Bottoms,Good,8100,3300
Park Avenue,Men's Outerwear,Like New,1700,1100
Puma,Women's Outerwear,Good,1800,850
Max,Men's Tops,Like New,800,400
Tommy Hilfiger,Men's Tops,Like New,11600,7400
Only,Men's Bottoms,Like New,4700,2950
Vans,Women's Traditional,Like New,6800,4750
Puma,Women's Traditional,Like New,3600,2550
H&M,Women's Outerwear,Fair,4400,1200
Uniqlo,Women's Bottoms,Good,2600,1000
Tribe Amrapali,Women's Outerwear,Good,3000,1350
Nike,Women's Tops,Like New,4600,2900
Westside,Bags,Well Loved,3200,500
Baggit,Women's Bottoms,Well Loved,3900,350
AND,Women's Bottoms,Like New,8400,4400
Anamika Khanna,Women's Outerwear,Fair,21800,5100
Vans,Women's Sets,Good,5500,2300
Aldo,Women's Sets,Fair,6300,1550
Reebok,Bags,Like New,5700,3800
Skechers,Women's Traditional,Good,4300,2150
Nine West,Men's Tops,Well Loved,3800,500
Baggit,Men's Outerwear,Fair,1300,400
Sangria,Women's Traditional,New with tags,2400,2160
Baggit,Women's Outerwear,Like New,1300,800
Monte Carlo,Men's Outerwear,Good,4200,1950
Pantaloons,Men's Tops,Well Loved,3100,400
Nike,Women's Traditional,Fair,10000,2350
Zara,Men's Tops,Like New,5100,3250
Forever 21,Footwear,Like New,1600,1050
Manish Malhotra,Women's Bottoms,Good,68500,27100
Skechers,Women's Dresses,Good,3600,1800
Max,Women's Bottoms,Fair,800,150
Reliance Trends,Bags,New with tags,600,450
Reebok,Bags,Good,2600,1200
Charles & Keith,Bags,Like New,4800,3400
ASOS,Women's Tops,Well Loved,800,150
Levi's,Women's Traditional,Good,5100,2100
& Other Stories,Women's Tops,Like New,13100,7400
Levi's,Women's Tops,Good,6400,2600
Mango,Women's Bottoms,New with tags,5700,4500
W,Women's Tops,Like New,3000,1750
Jaypore,Bags,Fair,4200,1250
Shantanu & Nikhil,Men's Tops,Fair,31700,6750
Skechers,Women's Tops,Fair,3500,700
Nanushka,Men's Tops,Fair,10300,2800
Converse,Women's Traditional,Like New,4200,3050
Ralph Lauren,Men's Bottoms,Fair,7700,1850
Tommy Hilfiger,Women's Tops,Like New,6600,4200
Vintage,Women's Outerwear,Fair,0,500
Reformation,Footwear,New with tags,14400,12450
Tommy Hilfiger,Women's Tops,Like New,5000,2650
Westside,Women's Traditional,Like New,3600,2650
Sabyasachi,Women's Outerwear,Good,184900,83500
Jaypore,Bags,Good,1900,950
Max,Women's Bottoms,Like New,700,450
Shantanu & Nikhil,Men's Bottoms,Good,15600,5850
Nine West,Women's Bottoms,Good,5000,2350
Allen Solly,Women's Dresses,Well Loved,2500,400
Amrapali,Men's Tops,Good,18900,6950
Ritu Wear,Men's Tops,Fair,8800,1750
Steve Madden,Women's Bottoms,Like New,7000,4100
Max,Women's Traditional,Well Loved,1400,200
Nike,Men's Tops,Good,4700,1850
AND,Men's Outerwear,Good,5500,2800
AND,Men's Bottoms,Like New,7300,3700
Arrow,Women's Tops,Like New,3400,1950
Converse,Women's Tops,Like New,5500,3700
Chemistry,Women's Bottoms,Fair,4100,900
Hidesign,Men's Bottoms,Like New,15900,9900
Sangria,Men's Formal,Good,3300,1300
Louis Philippe,Women's Bottoms,Like New,5900,4000
Hidesign,Men's Formal,Fair,6400,2000
Uniqlo,Women's Bottoms,Well Loved,6700,900
Only,Footwear,Good,1400,600
Nine West,Men's Bottoms,Good,4300,1800
Payal Singhal,Women's Tops,Like New,9200,6200
Clarks,Women's Traditional,Like New,7100,4650
Global Desi,Women's Tops,Well Loved,3800,550
Thrift,Bags,Like New,800,600
Manish Malhotra,Men's Tops,Good,97700,40600
Charles & Keith,Men's Tops,Like New,3300,1950
Anamika Khanna,Footwear,Fair,31300,10300
Ritu Kumar,Women's Traditional,Fair,8700,2400
Baggit,Men's Bottoms,Like New,1500,950
Local Brand,Men's Formal,Like New,1550,1100
Forever 21,Women's Traditional,Good,3500,1600
Nike,Footwear,Good,4600,2000
FabIndia,Women's Tops,Like New,5800,3350
No Brand,Women's Traditional,Like New,1200,850
Reliance Trends,Men's Formal,Like New,1250,850
Reliance Trends,Women's Tops,Fair,1450,250
Steve Madden,Women's Traditional,Good,9300,4100
Ritu Kumar,Women's Outerwear,Fair,26500,7850
Rangmanch,Men's Outerwear,Good,4100,1800
Sangria,Women's Bottoms,Good,1800,700
Abu Jani Sandeep Khosla,Men's Bottoms,Fair,47700,11800
Clarks,Women's Bottoms,Fair,6300,1700
Tommy Hilfiger,Women's Bottoms,Fair,7900,1800
Global Desi,Men's Outerwear,Like New,5700,3650
Park Avenue,Men's Bottoms,Fair,2300,550
Anju Modi,Men's Tops,Like New,18400,9650
Aldo,Men's Formal,Good,4400,1850
Tommy Hilfiger,Bags,Like New,4000,3050
Monte Carlo,Women's Outerwear,Good,1600,700
Anju Modi,Women's Tops,Good,27200,10000
AND,Women's Dresses,Like New,8400,5500
Converse,Men's Tops,Well Loved,5000,600
Clarks,Women's Dresses,Good,5800,2650
Hidesign,Women's Bottoms,Like New,14400,7400
Clarks,Accessories,Fair,7600,1650
Sangria,Women's Bottoms,Like New,2400,1450
Ritu Wear,Men's Bottoms,Good,8900,3500
Amrapali,Women's Traditional,Well Loved,7000,950
Nanushka,Women's Outerwear,Fair,23800,7650
Acne Studios,Jewelry,Fair,31300,7950
Reliance Trends,Women's Bottoms,Like New,1500,1100
Hidesign,Women's Traditional,Good,4900,2300
Forever 21,Women's Tops,Well Loved,700,100
Global Desi,Women's Traditional,Good,2000,1000
Nike,Women's Sets,Well Loved,7800,1200
Nanushka,Jewelry,Like New,18500,13050
Under Armour,Women's Bottoms,Fair,5000,1250
No Brand,Women's Outerwear,New with tags,800,700
& Other Stories,Men's Bottoms,New with tags,4200,2900
Mango,Women's Bottoms,Good,7900,2750
Anatomy,Men's Bottoms,Like New,1200,700
Ritu Wear,Men's Outerwear,Like New,5100,3550
Puma,Women's Outerwear,Good,6300,2800
Rangmanch,Women's Bottoms,Like New,3600,2050
Acne Studios,Women's Dresses,New with tags,35000,26250
Amrapali,Women's Tops,New with tags,19700,14150
Puma,Women's Tops,Well Loved,4500,750
Mango,Men's Tops,Good,5900,2250
Ralph Lauren,Women's Sets,Good,18400,9100
Lacoste,Women's Dresses,Fair,8500,2450
& Other Stories,Men's Outerwear,Like New,6600,4200
Allen Solly,Women's Bottoms,New with tags,2100,1650
AND,Bags,Well Loved,5500,750
ARKET,Men's Tops,New with tags,8200,6550
Baggit,Women's Bottoms,Like New,2800,2000
No Brand,Women's Tops,Good,850,350
Max,Men's Bottoms,Good,2000,750
Nanushka,Women's Traditional,Like New,28800,19300
Shantanu & Nikhil,Women's Dresses,Good,16700,6800
Anatomy,Jewelry,Fair,4000,1150
Ritu Kumar,Women's Bottoms,New with tags,27400,22400
Lacoste,Men's Tops,Fair,9300,1700
Mango,Women's Outerwear,Good,8400,4150
Van Heusen,Women's Dresses,Like New,3000,2150
Acne Studios,Women's Traditional,Like New,20400,14350
Anatomy,Women's Bottoms,Good,900,400
ARKET,Bags,New with tags,8100,7290
Lacoste,Jewelry,Fair,7700,2050
Reformation,Women's Sets,Good,12400,6200
Puma,Women's Bottoms,Fair,5500,1300
Only,Men's Outerwear,Like New,4300,3100
Nine West,Men's Tops,Good,5400,2150
Hidesign,Women's Tops,Like New,6500,3650
Park Avenue,Women's Outerwear,Well Loved,2400,450
Aurelia,Women's Outerwear,Like New,4400,3250
Aurelia,Men's Outerwear,Fair,4800,1400
Toteme,Women's Dresses,New with tags,22000,15500
Ritu Wear,Women's Bottoms,Fair,7500,1700
ASOS,Men's Bottoms,Good,4000,1600
Mango,Men's Bottoms,Fair,1600,300
Nine West,Bags,Like New,4200,2900
Ralph Lauren,Bags,Good,8400,3850
ASOS,Women's Tops,Good,4300,1650
Tommy Hilfiger,Women's Tops,Well Loved,3500,500
Park Avenue,Women's Tops,Fair,4700,950
COS,Men's Tops,New with tags,4000,2800
Sangria,Women's Tops,Like New,2800,1500
Westside,Bags,Good,1500,700
Steve Madden,Men's Tops,Good,5400,2300
Ralph Lauren,Women's Traditional,Fair,8400,2250
Ritu Wear,Jewelry,Fair,4300,1050
Reformation,Women's Tops,Like New,23000,16300
Toteme,Men's Formal,Like New,33500,21400
Biba,Women's Traditional,Like New,3200,2100
Louis Philippe,Women's Bottoms,Like New,2700,1700
Vintage,Women's Traditional,Good,0,2050
Puma,Women's Bottoms,Like New,1800,1100
Vintage,Women's Traditional,Like New,0,1450
Allen Solly,Women's Traditional,Well Loved,1300,150
Lacoste,Women's Bottoms,Fair,9600,2050
Uniqlo,Women's Bottoms,Like New,2300,1550
Baggit,Women's Outerwear,Well Loved,4100,750
Acne Studios,Men's Outerwear,New with tags,12300,10300
Anju Modi,Women's Outerwear,Well Loved,11700,1450
Payal Singhal,Women's Traditional,Well Loved,18800,3200
Lacoste,Women's Outerwear,Like New,9600,6750
Only,Women's Tops,Well Loved,2500,350
Nike,Men's Tops,Well Loved,9800,1200
ASOS,Women's Tops,New with tags,4500,3450
Tarun Tahiliani,Women's Sets,Well Loved,65800,9150
Biba,Footwear,Well Loved,6700,1100
Shantanu & Nikhil,Footwear,New with tags,11600,9500
Ralph Lauren,Women's Tops,Well Loved,19400,2250
Converse,Men's Bottoms,Well Loved,3900,550
Tarun Tahiliani,Men's Tops,Good,119300,41200
Van Heusen,Women's Outerwear,Good,5600,2950
Anita Dongre,Men's Tops,Good,16400,6750
New Balance,Men's Bottoms,Fair,9100,1850
Toteme,Footwear,Well Loved,10300,1450
Uniqlo,Footwear,Like New,1000,700
Under Armour,Women's Traditional,Good,8000,3800
Toteme,Bags,Good,23800,10300
Biba,Footwear,New with tags,5000,4200
ARKET,Women's Tops,Like New,14900,7900
Payal Singhal,Women's Bottoms,Fair,23100,5600
Manish Malhotra,Men's Bottoms,Like New,140000,77150
W,Men's Tops,Like New,4300,2250
Nanushka,Women's Bottoms,Fair,10700,2500
Sabyasachi,Women's Traditional,Good,77600,36600
Louis Philippe,Women's Bottoms,Fair,6100,1550
Westside,Women's Outerwear,Good,3500,1400
Sabyasachi,Women's Tops,Well Loved,85800,13350
Mango,Men's Tops,Good,1900,650
Charles & Keith,Women's Bottoms,Good,6400,2700
Adidas,Women's Bottoms,Like New,4300,2200
Nine West,Women's Outerwear,Like New,3400,2700
Masaba Gupta,Men's Tops,Fair,6600,1700
Manish Malhotra,Accessories,Good,75000,31700
Reliance Trends,Men's Tops,New with tags,800,600
Accessorize,Women's Traditional,Like New,2300,1700
Charles & Keith,Women's Sets,New with tags,4800,3950
Rangmanch,Women's Traditional,Fair,2800,700
Only,Bags,Fair,4100,1200
Ralph Lauren,Women's Traditional,New with tags,16900,14000
No Brand,Bags,Like New,150,100
Uniqlo,Women's Tops,Like New,2700,1750
Charles & Keith,Women's Bottoms,Good,5700,2500
Baggit,Accessories,New with tags,5800,3750
Accessorize,Men's Tops,Like New,2400,1250
Baggit,Women's Tops,Like New,1800,1150
Vero Moda,Men's Tops,Good,3600,1250
Toteme,Women's Traditional,Well Loved,11600,1650
Levi's,Bags,Good,8400,4400
Westside,Men's Outerwear,Good,2500,1050
Toteme,Accessories,Fair,24300,6250
V-Mart,Women's Bottoms,Fair,850,200
Van Heusen,Footwear,Like New,1900,1250
Pantaloons,Men's Tops,Fair,3900,800
Mango,Men's Outerwear,Like New,2500,1650
Clarks,Women's Bottoms,New with tags,6500,5250
New Balance,Bags,Good,7800,3650
Mango,Bags,Good,2300,1200
Mango,Women's Dresses,Good,3400,1450
Manish Malhotra,Women's Outerwear,Like New,72600,49850
Only,Women's Tops,Good,4600,1750
Monte Carlo,Women's Bottoms,Good,2200,1000
Uniqlo,Men's Bottoms,Good,1800,700
& Other Stories,Women's Tops,Like New,8500,5200
Tribe Amrapali,Women's Sets,Good,6300,2550
Rohit Bal,Men's Tops,Like New,66600,35150
Toteme,Women's Dresses,Well Loved,13500,1400
Steve Madden,Women's Tops,Like New,5500,2950
Payal Singhal,Women's Dresses,Good,17500,7400
Ralph Lauren,Women's Dresses,New with tags,8100,6850
Aldo,Women's Bottoms,New with tags,6300,5000
Hidesign,Women's Traditional,New with tags,16100,14490
Nanushka,Women's Dresses,Like New,24900,14250
Converse,Women's Dresses,Good,6600,2500
No Brand,Women's Tops,Like New,650,350
Amrapali,Women's Dresses,Fair,9800,1950
Vintage,Women's Outerwear,Good,0,1100
Reliance Trends,Women's Bottoms,Like New,1850,1150
Biba,Women's Tops,Good,4900,1900
Zara,Women's Tops,Like New,1700,1000
Sangria,Men's Bottoms,Like New,3000,1700
Vans,Women's Traditional,New with tags,6300,5670
Nine West,Women's Bottoms,New with tags,3100,2700
Levi's,Women's Dresses,Good,7200,2900
Calvin Klein,Bags,Good,9800,5050
Clarks,Women's Tops,Like New,3500,1750
Manish Malhotra,Bags,Well Loved,73400,10550
Tommy Hilfiger,Women's Tops,Like New,8800,6000
Amrapali,Women's Tops,Like New,3400,2350
Vans,Women's Tops,Good,7700,3800
& Other Stories,Footwear,Fair,10700,2650
Westside,Women's Bottoms,Like New,3000,2000
Monte Carlo,Women's Bottoms,New with tags,3200,2550
Marks & Spencer,Women's Tops,Good,1700,750
H&M,Women's Bottoms,New with tags,4100,3650
Nike,Men's Bottoms,Good,3600,1350
Mango,Women's Bottoms,Good,1200,550
Forever 21,Women's Sets,Good,3300,1600
Adidas,Women's Traditional,Good,5100,2150
Amrapali,Men's Bottoms,Good,8500,3350
Thrift,Women's Traditional,Good,650,300
Anatomy,Men's Tops,Like New,4800,2400
Nanushka,Women's Outerwear,Like New,18800,15350
Calvin Klein,Footwear,Like New,13100,8550
AND,Women's Dresses,Fair,2400,600
Levi's,Men's Outerwear,Like New,7900,6650
Arrow,Women's Tops,Like New,1200,800
Calvin Klein,Men's Bottoms,Good,11800,4350
Amrapali,Women's Dresses,Like New,14200,8950
H&M,Men's Tops,Well Loved,1400,150
Mango,Men's Bottoms,Fair,9700,2500
Anamika Khanna,Men's Tops,Like New,32400,16600
Acne Studios,Bags,Like New,12600,7800
Anamika Khanna,Women's Tops,Good,12700,5850
Manish Malhotra,Men's Tops,Like New,82700,44100
No Brand,Footwear,Good,750,400
Anatomy,Women's Outerwear,New with tags,3700,3330
Park Avenue,Men's Bottoms,Good,4000,1900
Baggit,Jewelry,Like New,5800,3650
Nine West,Women's Dresses,New with tags,7300,6570
W,Women's Traditional,Like New,3900,2550
Peter England,Men's Bottoms,Fair,1500,300
Toteme,Women's Sets,Good,10700,4150
Zara,Women's Traditional,Good,4000,2100
Anita Dongre,Women's Bottoms,Like New,24500,14000
Tommy Hilfiger,Women's Tops,Good,6800,3150
Anamika Khanna,Women's Bottoms,Good,9200,4300
Lacoste,Men's Bottoms,New with tags,5800,4500
Anatomy,Women's Bottoms,Good,3700,1500
Nanushka,Women's Tops,Well Loved,21700,2200
Forever 21,Women's Tops,Good,3000,1100
Westside,Women's Tops,Good,3000,950
FabIndia,Women's Traditional,Good,2300,1050
Abu Jani Sandeep Khosla,Women's Bottoms,Good,76500,34450
Amrapali,Women's Sets,Good,19500,8950
ARKET,Women's Sets,Like New,6900,4400
Manish Malhotra,Women's Traditional,Good,41300,18050
Louis Philippe,Women's Tops,Fair,2400,700
Marks & Spencer,Women's Bottoms,Good,4600,1650
Arrow,Men's Formal,New with tags,4400,3500
Payal Singhal,Women's Traditional,Well Loved,7600,1000
H&M,Men's Formal,Like New,1400,800
Forever 21,Women's Tops,Like New,1900,1150
Amrapali,Women's Traditional,Good,17700,7850
V-Mart,Bags,Good,750,400
Steve Madden,Women's Sets,Like New,8400,4800
Payal Singhal,Women's Sets,Good,23100,9500
Nike,Women's Traditional,Good,8500,4100
Park Avenue,Men's Tops,Well Loved,5300,650
No Brand,Men's Tops,Well Loved,800,100
Westside,Women's Outerwear,Good,3900,1950
Payal Singhal,Women's Bottoms,Like New,12000,7100
Reebok,Bags,Like New,2800,2050
Mango,Men's Outerwear,Good,4800,2100
Mango,Men's Bottoms,Fair,2400,600
Jaypore,Men's Bottoms,Good,2600,1000
& Other Stories,Men's Bottoms,Fair,10200,2300
AND,Women's Bottoms,Good,5100,1950
New Balance,Bags,Good,8100,3150
& Other Stories,Accessories,Fair,13800,2300
Nine West,Bags,Good,8900,3950
Sangria,Women's Traditional,Like New,3900,2750
COS,Women's Traditional,Like New,5300,3350
Anita Dongre,Women's Tops,New with tags,11400,8050
Acne Studios,Bags,Good,19800,10150
Manish Malhotra,Women's Tops,Well Loved,119200,13100
Hidesign,Men's Tops,Good,8300,3450
Ralph Lauren,Women's Tops,Good,16400,6700
Ritu Wear,Women's Bottoms,Good,8700,3350
New Balance,Men's Outerwear,Like New,7200,4700
V-Mart,Women's Bottoms,Like New,550,300
Puma,Women's Traditional,Fair,6100,1550
Shantanu & Nikhil,Women's Traditional,Good,12100,6600
Tribe Amrapali,Women's Tops,Fair,3000,750
Louis Philippe,Women's Outerwear,New with tags,4800,4320
Levi's,Women's Traditional,Good,6400,3000
Rangmanch,Women's Bottoms,Like New,2600,1450
Charles & Keith,Women's Traditional,Fair,8700,2600
Payal Singhal,Women's Traditional,Fair,14600,3700
Baggit,Women's Traditional,Good,3100,1350
New Balance,Women's Traditional,Well Loved,9300,1300
Allen Solly,Women's Sets,Fair,5300,1550
Charles & Keith,Women's Tops,Well Loved,3100,400
Shantanu & Nikhil,Women's Dresses,Like New,12000,7000
Zara,Women's Bottoms,Like New,5100,2700
Anita Dongre,Women's Sets,Fair,35900,11050
Adidas,Women's Dresses,Well Loved,8200,1050
Uniqlo,Men's Tops,New with tags,5600,4350
Park Avenue,Women's Tops,Good,4900,1900
Zara,Women's Bottoms,New with tags,7800,6300
Tarun Tahiliani,Women's Dresses,Fair,68500,15250
Toteme,Women's Bottoms,Good,19200,8300
W,Women's Bottoms,Like New,2100,1400
Payal Singhal,Jewelry,Like New,12300,8300
Aurelia,Women's Sets,Fair,4500,1200
Allen Solly,Women's Outerwear,Good,4600,2500
Louis Philippe,Bags,Like New,7100,4100
Anamika Khanna,Women's Sets,Like New,18300,11800
Tribe Amrapali,Women's Outerwear,New with tags,5200,4600
Reformation,Women's Traditional,Good,20900,9350
Aurelia,Women's Bottoms,New with tags,1800,1400
Pantaloons,Men's Bottoms,Like New,1200,750
Clarks,Bags,Fair,11300,2600
Pantaloons,Footwear,Fair,3600,800
Van Heusen,Women's Sets,New with tags,5900,4550
Under Armour,Women's Bottoms,Well Loved,3000,450
Monte Carlo,Women's Bottoms,New with tags,1800,1250
Rangmanch,Women's Outerwear,Good,2300,1000
Allen Solly,Women's Sets,Fair,4800,1200
Peter England,Men's Bottoms,Good,1000,500
Tribe Amrapali,Women's Outerwear,Good,7000,3200
Uniqlo,Women's Tops,Like New,3200,1700
Nanushka,Women's Bottoms,Good,17800,7200
Peter England,Women's Sets,Well Loved,1500,250
Rohit Bal,Women's Bottoms,Good,28600,12900
Anatomy,Women's Tops,Good,4200,1700
Amrapali,Men's Formal,Well Loved,7400,1200
Under Armour,Men's Tops,Like New,2900,1800
Allen Solly,Men's Tops,Fair,4900,1100
Forever 21,Women's Dresses,Like New,2300,1550
Rangmanch,Women's Tops,Good,4200,1700
Monte Carlo,Women's Bottoms,Fair,4500,1100
Acne Studios,Men's Tops,Good,27700,10450
Vans,Women's Tops,Like New,5700,3300
Reebok,Bags,New with tags,3700,3200
Abu Jani Sandeep Khosla,Women's Outerwear,Like New,51600,41500
Aurelia,Women's Sets,Like New,4400,2800
Calvin Klein,Women's Outerwear,Good,9700,4600
Shantanu & Nikhil,Men's Outerwear,New with tags,22600,18650
Ralph Lauren,Jewelry,New with tags,7700,6930
Jaypore,Men's Tops,Well Loved,6000,700
Calvin Klein,Footwear,Like New,3900,2900
V-Mart,Women's Tops,Well Loved,1250,200
Baggit,Women's Tops,Good,4100,1800
Adidas,Women's Tops,Good,7900,3100
Van Heusen,Women's Tops,Good,4500,1700
Tommy Hilfiger,Men's Tops,Fair,6200,1350
Rangmanch,Women's Traditional,Well Loved,4200,750
Levi's,Women's Bottoms,Like New,3500,2050
& Other Stories,Women's Tops,Well Loved,4800,650
Under Armour,Men's Tops,Good,6300,2150
Peter England,Men's Bottoms,Like New,3100,2000
Jaypore,Women's Bottoms,Like New,1600,1000
Nine West,Women's Traditional,Fair,5800,2000
Skechers,Women's Traditional,Fair,6600,2000
Sangria,Men's Formal,Like New,3600,2100
Anju Modi,Women's Dresses,Well Loved,10400,1550
Reliance Trends,Women's Dresses,Like New,700,350
Manish Malhotra,Men's Tops,Good,128000,41500
Accessorize,Men's Bottoms,Well Loved,1300,150
Chemistry,Women's Bottoms,Like New,2700,1850
Uniqlo,Women's Traditional,Well Loved,5800,900
Peter England,Women's Outerwear,Well Loved,2300,300
No Brand,Men's Tops,Fair,650,200
Reliance Trends,Women's Sets,Well Loved,1750,200
Rohit Bal,Men's Outerwear,Good,56900,23050
Charles & Keith,Women's Tops,Well Loved,5400,650
Anamika Khanna,Men's Outerwear,Like New,34200,23900
Chemistry,Men's Formal,Fair,3600,1100
Anita Dongre,Women's Dresses,Good,25100,11400
Steve Madden,Bags,Like New,8100,5500
Manish Malhotra,Men's Tops,New with tags,111200,74550
Toteme,Bags,Fair,14200,3450
Tommy Hilfiger,Footwear,Like New,4500,3050
Puma,Jewelry,Good,4900,1800
& Other Stories,Men's Formal,New with tags,6000,5400
New Balance,Accessories,Like New,9100,4900
Park Avenue,Women's Traditional,Like New,4400,2650
Anju Modi,Women's Outerwear,Like New,11400,9300
Vintage,Men's Outerwear,Fair,0,150
Tommy Hilfiger,Women's Dresses,Good,4700,2350
Global Desi,Women's Tops,Fair,8200,2050
Rangmanch,Women's Bottoms,Like New,3500,2350
Payal Singhal,Accessories,Fair,24400,6450
Monte Carlo,Men's Bottoms,Like New,3500,1700
Biba,Women's Bottoms,Good,1100,450
AND,Women's Traditional,Fair,8800,2450
Acne Studios,Women's Sets,Good,16400,6450
Peter England,Men's Bottoms,Like New,2800,1600
Reebok,Women's Bottoms,Good,3800,1250
Vans,Men's Tops,Well Loved,6600,1050
Nike,Women's Outerwear,Like New,2600,1700
Puma,Men's Bottoms,Like New,1400,750
Anju Modi,Men's Formal,Well Loved,20900,3350
Acne Studios,Accessories,Fair,24100,4650
Thrift,Men's Outerwear,Like New,550,400
Arrow,Footwear,New with tags,4600,4140
Arrow,Women's Outerwear,Good,2600,1450
Ritu Kumar,Women's Outerwear,Fair,8200,2350
Nanushka,Women's Tops,Well Loved,21400,2250
Westside,Men's Outerwear,Like New,900,650
Clarks,Women's Tops,Like New,9000,5950
Tarun Tahiliani,Women's Traditional,Fair,45800,14700
Van Heusen,Women's Bottoms,Like New,4500,3000
Mango,Women's Dresses,Like New,5000,3100
Louis Philippe,Women's Outerwear,Like New,7800,5650
New Balance,Women's Bottoms,Fair,6100,1500
Anatomy,Women's Tops,Like New,3300,2150
Max,Women's Bottoms,Good,700,250
Ritu Kumar,Women's Bottoms,Like New,7100,3950
Marks & Spencer,Women's Bottoms,Like New,1500,800
Manish Malhotra,Women's Traditional,Like New,89200,60000
& Other Stories,Men's Formal,Like New,7800,5500
ASOS,Men's Tops,Fair,1300,250
Clarks,Women's Dresses,Well Loved,7200,850
Tommy Hilfiger,Women's Tops,Fair,3500,800
H&M,Women's Tops,Like New,1600,950
Westside,Men's Outerwear,Good,2600,1200
Biba,Women's Bottoms,Fair,6000,1600
Accessorize,Women's Bottoms,Well Loved,700,100
Hidesign,Jewelry,Good,14300,5500
Amrapali,Women's Dresses,Good,7600,3550
Rangmanch,Women's Tops,Good,4500,1600
Clarks,Men's Bottoms,Good,8200,3500
Louis Philippe,Bags,Good,7900,3550
Skechers,Men's Bottoms,Fair,4800,1050
Zara,Women's Tops,Like New,7100,4400
No Brand,Women's Bottoms,Like New,1050,650
Acne Studios,Women's Traditional,Good,45800,21850
FabIndia,Women's Traditional,Like New,2900,2100
Tarun Tahiliani,Men's Tops,Like New,111200,65850
Levi's,Women's Traditional,Good,7300,3400
Peter England,Women's Traditional,Like New,3200,1900
Nine West,Women's Tops,Good,3700,1450
Biba,Footwear,New with tags,6500,5050
Nine West,Men's Outerwear,Good,6800,3050
Nike,Women's Dresses,Good,7600,3050
Marks & Spencer,Men's Outerwear,Fair,2200,600
Max,Women's Bottoms,Good,1100,450
Calvin Klein,Women's Tops,New with tags,10100,7200
Lacoste,Men's Outerwear,Like New,4500,3250
Uniqlo,Women's Tops,Good,4900,1650
& Other Stories,Men's Bottoms,Fair,7300,1950
Forever 21,Women's Bottoms,New with tags,3700,2550
Amrapali,Women's Tops,Like New,17300,9200
Tommy Hilfiger,Women's Bottoms,Like New,4000,2500
New Balance,Men's Bottoms,Good,13000,5550
No Brand,Footwear,Well Loved,1200,200
Local Brand,Women's Dresses,Good,1750,750
ASOS,Women's Bottoms,Like New,1600,1100
Tarun Tahiliani,Women's Bottoms,Like New,100700,55250
Thrift,Women's Tops,Good,1350,550
ARKET,Women's Sets,Like New,13400,9650
Anita Dongre,Women's Dresses,Good,15400,6450
Van Heusen,Men's Formal,Good,1600,650
Louis Philippe,Women's Dresses,Like New,3700,2000
Vero Moda,Women's Dresses,Fair,1600,450
Anju Modi,Women's Dresses,Good,8600,3850
Skechers,Women's Traditional,Good,8000,3150
Manish Malhotra,Men's Outerwear,Fair,116000,38800
Shantanu & Nikhil,Women's Outerwear,Fair,29800,7950
Mango,Women's Dresses,Fair,5100,1500
Masaba Gupta,Men's Outerwear,Fair,17100,5800
Reebok,Women's Traditional,Like New,6500,4850
Aldo,Women's Bottoms,Good,3300,1400
Adidas,Women's Dresses,Well Loved,2400,300
Chemistry,Men's Tops,New with tags,2100,1500
Abu Jani Sandeep Khosla,Women's Tops,New with tags,76300,58850
AND,Women's Tops,Fair,3300,700
& Other Stories,Women's Bottoms,Like New,6300,3500
Anita Dongre,Women's Traditional,Fair,33100,7800
Ritu Kumar,Men's Tops,New with tags,11000,8750
Monte Carlo,Women's Traditional,Like New,5000,3850
Louis Philippe,Women's Bottoms,New with tags,3200,2250
Aurelia,Women's Bottoms,Good,4500,2150
Aldo,Men's Tops,Like New,7200,4300
Anatomy,Footwear,Like New,1600,1000
Payal Singhal,Women's Traditional,Like New,20800,13150
Converse,Men's Bottoms,Good,6400,2450
Vans,Women's Bottoms,Like New,5400,3300
Louis Philippe,Women's Traditional,Like New,7700,5050
Ritu Kumar,Men's Outerwear,Like New,29600,19850
Amrapali,Men's Bottoms,Fair,3700,800
Amrapali,Women's Outerwear,Good,8000,4700
Tarun Tahiliani,Men's Tops,Good,61200,27150
Van Heusen,Women's Sets,Fair,3600,1150
COS,Women's Traditional,Good,9500,4500
Under Armour,Men's Bottoms,Like New,5700,3550
AND,Women's Tops,Good,1600,650
Marks & Spencer,Women's Bottoms,Fair,3800,950
Reebok,Footwear,Like New,5500,4100
Anju Modi,Women's Tops,Good,19100,8600
Arrow,Women's Tops,Well Loved,2400,250
Anatomy,Women's Bottoms,Like New,2200,1400
Rohit Bal,Men's Bottoms,Well Loved,75500,10000
Skechers,Jewelry,New with tags,7800,7020
Louis Philippe,Footwear,New with tags,2700,2430
Abu Jani Sandeep Khosla,Women's Sets,Like New,59100,41750
Louis Philippe,Bags,Like New,4000,2900
Aldo,Men's Bottoms,Fair,5800,1700
Sabyasachi,Footwear,Good,105700,46000
Masaba Gupta,Women's Tops,Good,21200,9600
Max,Women's Outerwear,Good,900,400
Abu Jani Sandeep Khosla,Women's Sets,Fair,58500,14200
Marks & Spencer,Men's Tops,Good,2000,700
Only,Women's Tops,Like New,1000,650
Toteme,Women's Dresses,Like New,28700,19650
AND,Women's Bottoms,Well Loved,4500,750
Allen Solly,Men's Tops,Like New,1800,950
Ritu Kumar,Bags,Fair,7300,2200
Aurelia,Footwear,New with tags,4500,3400
W,Women's Tops,Well Loved,1900,300
Nine West,Footwear,Like New,7900,4850
Max,Women's Tops,Good,1400,600
Reformation,Men's Tops,Well Loved,22100,2750
ARKET,Women's Bottoms,Fair,5100,1250
Mango,Women's Outerwear,Like New,8800,7150
Louis Philippe,Women's Tops,New with tags,3000,2450
Anita Dongre,Women's Tops,Like New,30100,17900
Chemistry,Women's Traditional,Good,3400,1600
Zara,Bags,Good,4500,2100
Rangmanch,Men's Bottoms,Good,3500,1500
Max,Men's Outerwear,Fair,1800,600
Local Brand,Men's Bottoms,Good,1450,550
Allen Solly,Women's Outerwear,Good,3000,1550
Clarks,Women's Tops,Good,6000,2800
Sangria,Men's Tops,Well Loved,1300,150
Zara,Men's Formal,Fair,2600,800
Forever 21,Women's Traditional,Good,3800,1800
Monte Carlo,Women's Traditional,Like New,1400,1100
Abu Jani Sandeep Khosla,Men's Tops,Like New,45100,29050
Charles & Keith,Women's Dresses,Like New,6900,4250
Clarks,Footwear,Good,9100,3600
Adidas,Men's Outerwear,Fair,8700,2550
Reformation,Footwear,Good,15400,6400
Reformation,Women's Traditional,Fair,17300,4400
Anju Modi,Men's Outerwear,Like New,15700,9800
Marks & Spencer,Women's Tops,Good,4300,1850
Reformation,Men's Bottoms,Fair,13300,3250
& Other Stories,Women's Bottoms,Like New,6300,3650
Puma,Men's Formal,Like New,6400,4850
Calvin Klein,Women's Traditional,Like New,3600,2600
Aurelia,Footwear,Like New,5000,3450
Ritu Wear,Women's Dresses,New with tags,6500,5200
Abu Jani Sandeep Khosla,Women's Tops,New with tags,66900,49450
Converse,Men's Tops,New with tags,6800,4750
Lacoste,Men's Formal,Good,12700,6450
Reformation,Women's Tops,Like New,18800,11900
ASOS,Women's Traditional,Like New,1400,1000
Nanushka,Men's Bottoms,Fair,17600,3300
Tarun Tahiliani,Women's Sets,New with tags,109200,98280
Ritu Wear,Bags,Well Loved,5700,900
Aldo,Women's Tops,Well Loved,6200,800
Uniqlo,Women's Bottoms,Like New,6600,4150
Calvin Klein,Women's Bottoms,Well Loved,7700,1100
Pantaloons,Women's Tops,Fair,3600,700
Reliance Trends,Women's Bottoms,Like New,750,500
Reebok,Women's Tops,Good,4700,1650
Marks & Spencer,Women's Traditional,Fair,5000,1300
Calvin Klein,Men's Formal,Like New,5000,3250
Acne Studios,Women's Traditional,Like New,14000,10000
COS,Women's Traditional,Good,14200,7600
Anatomy,Men's Tops,Like New,1600,750
Anju Modi,Footwear,Fair,20500,5450
Mango,Women's Bottoms,Well Loved,4900,650
Baggit,Men's Outerwear,Good,3200,1750
Charles & Keith,Footwear,Good,8200,3600
Reebok,Women's Traditional,Like New,4600,3350
Anatomy,Men's Outerwear,Good,3800,1850
& Other Stories,Women's Traditional,Good,7700,3700
Rangmanch,Women's Dresses,Fair,4400,1000
Tribe Amrapali,Women's Dresses,New with tags,7800,6400
Skechers,Men's Tops,New with tags,4700,3450
Under Armour,Women's Dresses,Good,2600,1050
Anamika Khanna,Women's Dresses,Fair,14400,3850
Sangria,Women's Traditional,Good,2700,1100
New Balance,Women's Bottoms,Good,9900,4700
Tommy Hilfiger,Women's Tops,Well Loved,10700,1750
Charles & Keith,Men's Tops,Good,8800,3600
Chemistry,Accessories,Good,1800,700
V-Mart,Women's Dresses,Good,1050,400
Arrow,Women's Dresses,Well Loved,4800,550
Anju Modi,Women's Outerwear,Like New,27600,19050
Uniqlo,Women's Dresses,Well Loved,2000,300
Tribe Amrapali,Men's Outerwear,Well Loved,2000,350
Anatomy,Men's Tops,Good,3100,1300
Forever 21,Women's Dresses,Good,1100,500
Max,Women's Bottoms,Well Loved,500,100
Louis Philippe,Women's Tops,Good,5900,2450
New Balance,Footwear,Good,12800,5850
Vintage,Women's Outerwear,Good,0,200
Arrow,Women's Bottoms,Fair,5300,1100
Louis Philippe,Women's Traditional,Good,2800,1350
Converse,Women's Bottoms,Like New,7800,5200
New Balance,Men's Outerwear,Fair,7000,2300
Max,Bags,Like New,700,450
Skechers,Women's Bottoms,Fair,6500,1700
AND,Women's Traditional,Well Loved,2500,400
Hidesign,Women's Outerwear,Good,15000,7050
Chemistry,Women's Tops,Good,2100,750
Allen Solly,Women's Bottoms,Like New,5300,3250
Baggit,Men's Bottoms,Like New,2300,1150
Vintage,Women's Tops,Good,0,1250
ARKET,Footwear,Good,7100,3100
Under Armour,Women's Sets,Like New,2200,1400
Puma,Women's Tops,Like New,1800,1050
Marks & Spencer,Men's Bottoms,Like New,7300,4450
Louis Philippe,Women's Tops,Fair,4400,900
Vintage,Women's Bottoms,Fair,0,800
Anju Modi,Women's Tops,Like New,17500,11850
& Other Stories,Men's Tops,Good,9400,3950
Accessorize,Women's Tops,Like New,1400,850
Global Desi,Women's Traditional,Fair,9400,2900
Vero Moda,Women's Traditional,Well Loved,5300,800
Biba,Women's Dresses,Like New,6200,3850
Van Heusen,Women's Outerwear,Fair,4400,1250
No Brand,Women's Traditional,Like New,1050,850
Adidas,Women's Bottoms,Like New,8700,6350
Vero Moda,Jewelry,New with tags,5700,4250
Ralph Lauren,Men's Outerwear,Like New,8400,5700
Steve Madden,Women's Tops,Fair,9200,2600
Reebok,Women's Tops,New with tags,3400,2350
Vero Moda,Women's Sets,Like New,1400,950
Louis Philippe,Men's Tops,Like New,5500,2950
Hidesign,Women's Traditional,Fair,16600,4650
H&M,Women's Tops,New with tags,2000,1650
Calvin Klein,Footwear,Like New,13500,7700
Lacoste,Men's Bottoms,Fair,5100,1150
Toteme,Women's Bottoms,Like New,31000,16600
Anju Modi,Women's Tops,Fair,27400,6500
Baggit,Women's Bottoms,Good,3300,1100
Westside,Women's Traditional,Good,2800,1100
Global Desi,Women's Dresses,Like New,7800,4950
Accessorize,Women's Tops,Like New,2500,1250
Anju Modi,Women's Dresses,Fair,22400,6100
Peter England,Women's Bottoms,Like New,1000,700
& Other Stories,Men's Tops,Like New,8300,4450
Marks & Spencer,Bags,Good,7800,4400
Skechers,Women's Bottoms,Like New,7800,4750
H&M,Footwear,Well Loved,3400,550
Thrift,Women's Tops,Like New,900,550
Skechers,Men's Tops,Good,3800,1600
Levi's,Women's Outerwear,Well Loved,4200,550
Pantaloons,Men's Bottoms,Fair,1300,300
Tarun Tahiliani,Women's Sets,Like New,56600,41100
V-Mart,Men's Bottoms,Like New,1350,900
Thrift,Women's Traditional,Like New,450,250
Clarks,Men's Tops,Good,10000,4400
Marks & Spencer,Women's Dresses,Fair,3600,950
Allen Solly,Women's Bottoms,Like New,5100,2950
Jaypore,Women's Traditional,Fair,7100,1850
Ritu Kumar,Women's Bottoms,Good,20600,10200
Allen Solly,Women's Dresses,Fair,3300,900
Amrapali,Men's Tops,Like New,7000,4400
Ritu Kumar,Women's Bottoms,Like New,13300,9000
Max,Men's Formal,Good,600,250
Tommy Hilfiger,Bags,Fair,8100,2300
Ralph Lauren,Men's Tops,Like New,18900,12250
Abu Jani Sandeep Khosla,Women's Tops,Like New,49400,31550
Masaba Gupta,Men's Tops,Like New,5100,2850
Levi's,Men's Tops,Good,6500,2200
Ralph Lauren,Men's Bottoms,Like New,7400,5050
W,Women's Traditional,Fair,1500,400
Anju Modi,Women's Tops,Like New,9400,5350
Vintage,Men's Bottoms,Good,0,1700
ASOS,Bags,Like New,3400,2150
Max,Women's Bottoms,Like New,800,400
Vans,Men's Bottoms,Like New,6900,3500
Adidas,Women's Tops,Good,4600,2050
Manish Malhotra,Women's Sets,Like New,54800,35000
Tarun Tahiliani,Men's Formal,Good,94600,44750
Tribe Amrapali,Men's Formal,New with tags,7100,6390
Marks & Spencer,Men's Bottoms,Good,3700,1550
Tarun Tahiliani,Men's Bottoms,Like New,73600,37300
FabIndia,Women's Dresses,Good,3200,1300
Abu Jani Sandeep Khosla,Women's Bottoms,New with tags,82000,57900
Accessorize,Bags,Good,1800,700
Anatomy,Women's Bottoms,Like New,3400,2150
Shantanu & Nikhil,Women's Traditional,Fair,8600,1950
Adidas,Women's Dresses,Well Loved,2600,350
Tommy Hilfiger,Men's Outerwear,Good,8800,4050
Adidas,Women's Tops,New with tags,1900,1600
Anatomy,Women's Sets,Fair,2700,750
Vintage,Women's Tops,Good,0,1500
Vero Moda,Men's Formal,Well Loved,2200,350
Nine West,Women's Traditional,New with tags,3300,2600
Van Heusen,Women's Tops,Like New,5100,3100
Charles & Keith,Women's Tops,Like New,7500,3850
Allen Solly,Women's Tops,New with tags,1700,1300
COS,Women's Tops,New with tags,11900,9950
Pantaloons,Women's Tops,Good,1900,600
Charles & Keith,Women's Outerwear,Well Loved,7800,1200
Nike,Women's Dresses,Like New,5200,2850
Tarun Tahiliani,Women's Sets,Like New,80200,50400
Vero Moda,Men's Bottoms,Good,3400,1250
Under Armour,Women's Bottoms,Good,7200,2650
ASOS,Bags,Fair,4500,1100
FabIndia,Women's Sets,Good,6000,2700
Rohit Bal,Women's Tops,Like New,47800,29750
No Brand,Women's Tops,New with tags,250,200
Pantaloons,Women's Tops,Like New,600,400
Arrow,Men's Bottoms,Good,5100,2100
New Balance,Women's Sets,Like New,11000,7050
Lacoste,Women's Tops,Good,9000,3700
Local Brand,Men's Outerwear,Well Loved,900,150
Hidesign,Men's Tops,Like New,13400,8450
Tribe Amrapali,Men's Tops,Fair,2300,650
Ralph Lauren,Women's Bottoms,Like New,5700,3300
Charles & Keith,Men's Formal,Fair,5300,1300
Van Heusen,Men's Tops,Good,4000,1900
Biba,Men's Outerwear,New with tags,5900,5310
Nanushka,Women's Tops,Good,19800,8650
Calvin Klein,Women's Tops,Like New,12300,7850
Aldo,Women's Tops,Well Loved,7700,1300
Steve Madden,Women's Traditional,Good,7300,3350
Thrift,Women's Traditional,Like New,350,300
Park Avenue,Women's Dresses,Good,2600,1000
Anamika Khanna,Accessories,Well Loved,36700,3550
& Other Stories,Women's Traditional,Fair,7200,2200
Max,Jewelry,Well Loved,1200,200
Masaba Gupta,Men's Outerwear,Like New,5900,4150
Anju Modi,Men's Outerwear,Like New,11300,7700
Rangmanch,Women's Tops,Good,1200,500
No Brand,Women's Bottoms,Like New,850,550
Pantaloons,Men's Bottoms,Like New,3800,2450
Anita Dongre,Women's Bottoms,Good,15300,6200
Anju Modi,Men's Outerwear,Good,15200,6950
Clarks,Women's Bottoms,Like New,11100,7100
Under Armour,Men's Bottoms,Like New,6700,4150
Aurelia,Women's Bottoms,Good,4500,2150
Adidas,Men's Formal,Like New,5700,4300
Vero Moda,Women's Tops,Good,2500,800
Monte Carlo,Women's Outerwear,Like New,1600,1250
Clarks,Men's Outerwear,Like New,8100,5400
Max,Accessories,Fair,1000,200
Charles & Keith,Men's Tops,Fair,3400,700
Louis Philippe,Women's Traditional,Good,4300,1850
Vans,Women's Tops,Well Loved,4000,700
Clarks,Women's Outerwear,Fair,8600,3050
Levi's,Men's Bottoms,Like New,3900,2600
AND,Women's Bottoms,Like New,8400,5000
Rangmanch,Women's Outerwear,Fair,1000,300
Nike,Men's Bottoms,Good,4100,1600
Rohit Bal,Footwear,Good,40000,18500
Payal Singhal,Women's Traditional,Fair,25700,7250
Allen Solly,Women's Tops,Like New,3800,2450
Arrow,Women's Dresses,Well Loved,1200,150
Reformation,Women's Tops,New with tags,12600,10950
Hidesign,Men's Formal,Good,18700,9400
Arrow,Women's Traditional,Good,4200,2250
Thrift,Women's Traditional,Good,750,350
Puma,Men's Tops,Fair,3100,800
Anita Dongre,Women's Tops,Good,31100,11600
Accessorize,Jewelry,Like New,3800,2400
ARKET,Women's Tops,New with tags,13900,11300
Park Avenue,Men's Bottoms,Good,3100,1100
Toteme,Women's Tops,Good,18200,7250
Sabyasachi,Women's Tops,Good,146000,50650
Louis Philippe,Accessories,Like New,1800,1150
Nike,Men's Outerwear,Fair,6500,1800
Anita Dongre,Women's Outerwear,Good,13200,7550
Reebok,Women's Traditional,Like New,5700,4200
Max,Women's Traditional,Well Loved,2000,350
Chemistry,Men's Outerwear,New with tags,1200,1080
Rangmanch,Footwear,Fair,4400,1000
Converse,Women's Tops,Like New,5000,2850
Anita Dongre,Women's Tops,Well Loved,21600,2950
Ralph Lauren,Women's Outerwear,Well Loved,17000,2800
Westside,Women's Outerwear,Like New,1600,950
Shantanu & Nikhil,Women's Bottoms,Good,10700,4700
Chemistry,Men's Outerwear,Like New,3700,3000
Sabyasachi,Men's Bottoms,Well Loved,47300,5900
Aurelia,Women's Dresses,Good,3100,1100
Max,Women's Sets,Well Loved,1300,200
New Balance,Women's Traditional,Well Loved,8700,1050
Vero Moda,Women's Tops,Fair,5600,1150
Charles & Keith,Men's Bottoms,Fair,4700,1100
Ritu Wear,Men's Formal,Good,5000,2300
Calvin Klein,Women's Traditional,Like New,8900,5400
Monte Carlo,Men's Tops,Like New,2200,1300
New Balance,Women's Tops,Good,8900,3300
Pantaloons,Women's Outerwear,Like New,1200,850
Mango,Women's Bottoms,Good,5100,2300
Baggit,Men's Tops,Good,5100,1700
Aurelia,Men's Bottoms,Like New,2000,1250
Baggit,Women's Bottoms,Like New,5200,3350
Anamika Khanna,Footwear,Like New,9400,6700
Payal Singhal,Men's Tops,Like New,11400,5750
Mango,Women's Tops,Good,8200,3200
Chemistry,Men's Outerwear,Like New,4100,2650
Puma,Women's Tops,Fair,6200,1700
Van Heusen,Women's Tops,Fair,3300,800
Payal Singhal,Men's Formal,Like New,9800,6800
Jaypore,Women's Bottoms,Good,6800,2600
Jaypore,Men's Tops,Good,5400,2150
COS,Women's Tops,Good,12300,5500
Steve Madden,Men's Tops,Like New,6800,4200
Nine West,Footwear,Fair,7800,2050
No Brand,Women's Dresses,Fair,1100,300
Puma,Jewelry,Like New,4600,2900
Nike,Men's Formal,Good,4000,1750
Local Brand,Women's Dresses,Well Loved,1350,150
Levi's,Men's Formal,Good,6400,2400
Sangria,Men's Outerwear,Like New,1100,800
Abu Jani Sandeep Khosla,Women's Traditional,Fair,96100,30250
Allen Solly,Men's Formal,Well Loved,4600,650
Reformation,Women's Tops,Fair,8300,2000
Tarun Tahiliani,Women's Tops,Good,74200,25650
Abu Jani Sandeep Khosla,Women's Dresses,Good,77000,35200
Accessorize,Men's Bottoms,Like New,2500,1400
Ritu Wear,Men's Outerwear,Like New,8400,5750
Reebok,Men's Tops,Good,2000,700
Accessorize,Women's Bottoms,Fair,3200,750
Reebok,Women's Outerwear,Fair,4700,1600
Rohit Bal,Women's Tops,Fair,79700,20000
Zara,Women's Tops,Fair,3100,750
Tribe Amrapali,Women's Traditional,New with tags,1600,1400
Ritu Wear,Women's Traditional,New with tags,1600,1440
Vans,Men's Formal,Good,6700,3600
Adidas,Women's Tops,Good,4100,1700
No Brand,Women's Bottoms,Good,200,100
Monte Carlo,Men's Bottoms,Good,3100,1050
Park Avenue,Men's Bottoms,Good,3100,1150
Manish Malhotra,Women's Dresses,Good,101400,44200
& Other Stories,Women's Traditional,Well Loved,10400,1600
Jaypore,Women's Tops,Fair,4100,1000
Sangria,Women's Traditional,Like New,3000,1750
Anju Modi,Women's Tops,Fair,24600,6100
Allen Solly,Women's Sets,Fair,2100,500
Peter England,Men's Formal,Fair,3900,1150
Anamika Khanna,Men's Outerwear,Like New,24800,17200
Baggit,Women's Traditional,Good,4400,1750
Reliance Trends,Women's Bottoms,New with tags,1250,1050
Reformation,Women's Outerwear,Good,18100,9500
Lacoste,Women's Bottoms,Good,8800,3250
Anita Dongre,Men's Outerwear,Fair,37200,10250
New Balance,Footwear,Like New,10000,6600
Ritu Kumar,Women's Outerwear,Fair,9000,2650
Jaypore,Women's Dresses,New with tags,5100,3800
Rangmanch,Women's Bottoms,Good,2300,800
Calvin Klein,Women's Bottoms,Like New,12400,6950
Tommy Hilfiger,Footwear,Good,11000,5050
Masaba Gupta,Women's Tops,Good,23900,9550
Aldo,Men's Bottoms,Like New,3200,1800
Arrow,Bags,Fair,3000,750
Global Desi,Bags,Good,7900,2950
Amrapali,Accessories,Good,17300,6200
Anju Modi,Women's Outerwear,Good,24200,9950
ASOS,Women's Tops,Good,1600,500
Forever 21,Women's Sets,Good,600,300
Anju Modi,Footwear,Good,14200,6900
Charles & Keith,Men's Outerwear,Like New,6200,4450
Max,Women's Bottoms,Fair,1100,250
Westside,Men's Bottoms,Like New,3100,2100
Van Heusen,Bags,Well Loved,2200,300
Marks & Spencer,Footwear,Fair,2000,450
FabIndia,Men's Bottoms,Good,3300,1200
Converse,Women's Bottoms,Fair,7100,1550
Steve Madden,Women's Outerwear,Well Loved,5900,800
Arrow,Women's Traditional,Fair,3300,850
Nine West,Footwear,Well Loved,6000,1000
Reebok,Men's Outerwear,Like New,6900,5800
Vans,Women's Traditional,Like New,3700,2450
ASOS,Bags,Good,2400,1050
Shantanu & Nikhil,Women's Traditional,Like New,13600,9600
Local Brand,Women's Tops,Well Loved,1650,150
Puma,Men's Bottoms,Good,4700,1800
Shantanu & Nikhil,Jewelry,Good,21700,9700
Tarun Tahiliani,Women's Tops,Fair,94900,21750
Lacoste,Women's Bottoms,New with tags,11200,8200
New Balance,Men's Tops,New with tags,6600,4250
Nanushka,Women's Bottoms,Well Loved,25500,3850
Masaba Gupta,Women's Tops,Fair,20200,4600
Reebok,Women's Tops,Like New,5500,3400
No Brand,Women's Bottoms,Good,800,250
Anatomy,Women's Tops,Good,1600,600
Anita Dongre,Bags,Good,26900,10600
Charles & Keith,Men's Tops,Fair,2800,700
Vintage,Women's Bottoms,Like New,0,2400
& Other Stories,Women's Tops,Like New,13300,8350
Chemistry,Men's Tops,Well Loved,1800,150
V-Mart,Footwear,Well Loved,1500,200
Lacoste,Bags,Like New,11600,7450
Sangria,Women's Outerwear,New with tags,2000,1750
Baggit,Women's Sets,Good,4200,1750
Peter England,Women's Tops,Good,3100,1100
Steve Madden,Jewelry,Good,7900,3500
Marks & Spencer,Men's Tops,Good,3400,1450
Amrapali,Men's Formal,New with tags,9700,8730
Tommy Hilfiger,Women's Outerwear,New with tags,4400,3600
Anatomy,Women's Bottoms,Like New,1900,1150
COS,Women's Traditional,Like New,10400,7600
Max,Men's Bottoms,Like New,2100,1300
Payal Singhal,Women's Tops,Fair,18600,5100
Ritu Kumar,Women's Outerwear,New with tags,24300,21870
Van Heusen,Women's Bottoms,New with tags,5500,4100
ASOS,Women's Bottoms,Like New,4700,2900
W,Women's Outerwear,Fair,3700,1200
Skechers,Men's Formal,Fair,3000,850
Vero Moda,Women's Outerwear,Like New,2100,1550
Lacoste,Men's Outerwear,Fair,5400,1450
Anamika Khanna,Women's Bottoms,Well Loved,36600,4800
ASOS,Women's Tops,Fair,4300,1000
Sabyasachi,Women's Bottoms,Good,193400,76050
Calvin Klein,Women's Tops,Well Loved,9000,1000
Baggit,Men's Bottoms,Good,3800,1550
Chemistry,Women's Traditional,Good,2000,1000
Reebok,Women's Sets,Good,6900,2850
Tribe Amrapali,Women's Sets,New with tags,1900,1600
Steve Madden,Women's Traditional,Fair,7900,2200
Tribe Amrapali,Men's Tops,Like New,8300,4350
Van Heusen,Women's Bottoms,Well Loved,2700,250
Van Heusen,Women's Tops,Fair,3500,650
Marks & Spencer,Men's Tops,Good,5600,2150
Ralph Lauren,Women's Tops,New with tags,9200,7650
Toteme,Bags,Fair,28700,7550
Jaypore,Women's Sets,Good,6000,2850
Manish Malhotra,Women's Tops,Good,147700,58650
Ralph Lauren,Women's Bottoms,Like New,15800,10500
Toteme,Men's Tops,Like New,19300,11450
Toteme,Women's Dresses,Like New,32200,19450
Sabyasachi,Men's Tops,Fair,98400,23050
ASOS,Women's Traditional,Like New,4600,3000
Toteme,Men's Bottoms,Good,26300,10350
Anamika Khanna,Women's Traditional,Like New,27900,18750
Louis Philippe,Women's Bottoms,Well Loved,1700,200
Arrow,Men's Outerwear,New with tags,3100,2790
Uniqlo,Bags,Like New,900,550
Amrapali,Accessories,Like New,19500,11450
Ritu Kumar,Women's Traditional,Good,28300,11700
Aurelia,Women's Traditional,New with tags,3200,2880
Vans,Men's Tops,Good,5400,2400
Reliance Trends,Men's Bottoms,Good,1300,450
Reliance Trends,Women's Traditional,Good,600,250
& Other Stories,Women's Tops,Well Loved,6200,950
AND,Bags,Good,3700,1600
Van Heusen,Men's Formal,Good,5800,2550
Local Brand,Bags,Good,1400,650
Steve Madden,Men's Bottoms,Well Loved,8000,1100
Tribe Amrapali,Women's Bottoms,Like New,4000,2150
Adidas,Bags,Well Loved,3100,400
Park Avenue,Women's Bottoms,Like New,5800,3400
Steve Madden,Women's Tops,Good,5600,2350
Abu Jani Sandeep Khosla,Women's Traditional,Good,55900,26900
Sangria,Men's Tops,Good,3300,1300
New Balance,Men's Bottoms,Well Loved,13200,1450
Steve Madden,Women's Traditional,Good,9900,4200
Local Brand,Men's Bottoms,Like New,1500,950
Toteme,Women's Tops,Like New,19200,12700
Max,Women's Outerwear,Fair,1700,550
AND,Women's Bottoms,Like New,2300,1450
Tribe Amrapali,Women's Traditional,Fair,2900,850
W,Footwear,Like New,2000,1400
& Other Stories,Women's Bottoms,Like New,13300,8800
Aldo,Men's Tops,Good,3900,1800
ARKET,Women's Outerwear,Like New,9000,6000
Sangria,Women's Traditional,Good,2200,1000
Tarun Tahiliani,Women's Tops,Good,97100,39100
FabIndia,Footwear,Like New,1500,1000
Anju Modi,Footwear,Good,14300,6300
Nike,Men's Bottoms,Like New,9100,5250
New Balance,Men's Formal,Good,11100,4350
Tommy Hilfiger,Men's Formal,Well Loved,9100,1400
AND,Footwear,Fair,2900,750
Max,Women's Traditional,Good,1300,500
Nike,Footwear,Good,2400,1200
Ralph Lauren,Men's Outerwear,Well Loved,5900,1050
Allen Solly,Men's Tops,New with tags,1300,1000
Lacoste,Men's Bottoms,New with tags,5900,4800
Mango,Women's Tops,New with tags,3800,3150
& Other Stories,Men's Bottoms,Like New,7700,4950
Anatomy,Jewelry,Well Loved,1600,200
Global Desi,Men's Bottoms,Good,4800,1800
Zara,Women's Sets,Good,4800,1750
Amrapali,Accessories,Like New,18200,9400
Steve Madden,Women's Tops,Like New,7900,4650
V-Mart,Women's Bottoms,Good,1000,350
Westside,Men's Tops,Fair,3200,650
Toteme,Women's Bottoms,Good,22700,10300
Anju Modi,Footwear,Good,17600,7550
Anatomy,Men's Outerwear,Like New,2900,2100
Tribe Amrapali,Women's Tops,New with tags,2400,1800
Peter England,Women's Bottoms,Well Loved,3000,400
Anju Modi,Accessories,Good,25300,10350
Aldo,Women's Dresses,Like New,4700,2750
Aldo,Women's Tops,Like New,7800,4650
Ralph Lauren,Women's Tops,Like New,15700,7850
Reliance Trends,Women's Outerwear,Well Loved,950,200
Sangria,Women's Bottoms,Fair,4000,950
FabIndia,Women's Traditional,Like New,5900,4650
Marks & Spencer,Women's Traditional,New with tags,4000,3600
Accessorize,Men's Formal,Like New,3500,1950
Aurelia,Men's Tops,Good,1200,400
Reebok,Women's Bottoms,Good,3200,1200
Ralph Lauren,Women's Tops,Good,8300,3150
Masaba Gupta,Women's Dresses,Like New,13000,8700
Jaypore,Women's Traditional,Like New,3100,2050
Nine West,Women's Sets,Fair,8600,2250
Vero Moda,Accessories,Like New,1300,750
Under Armour,Women's Traditional,New with tags,7600,6840
No Brand,Jewelry,Good,600,300
Masaba Gupta,Women's Traditional,New with tags,7700,6650
Tommy Hilfiger,Men's Tops,New with tags,10800,7250
Anju Modi,Women's Tops,New with tags,11600,9300
Vintage,Women's Traditional,Good,0,1550
Allen Solly,Women's Traditional,New with tags,3200,2750
Reliance Trends,Jewelry,Like New,1100,800
W,Bags,Good,5800,2700
Arrow,Women's Traditional,Like New,4300,2900
Max,Footwear,Good,1000,350
Tribe Amrapali,Women's Outerwear,Like New,8700,6900
Under Armour,Women's Bottoms,Like New,2300,1200
Abu Jani Sandeep Khosla,Men's Bottoms,Good,56500,25000
W,Men's Outerwear,Like New,800,500
Monte Carlo,Women's Traditional,Like New,3100,2250
Vans,Women's Sets,Good,7700,3300
Uniqlo,Women's Traditional,Like New,5100,3500
Rohit Bal,Women's Tops,Like New,42300,22450
No Brand,Men's Bottoms,Well Loved,750,100
ASOS,Women's Tops,Fair,3100,700
Tribe Amrapali,Women's Bottoms,Like New,6700,4400
Lacoste,Women's Traditional,Like New,9300,6650
Vero Moda,Women's Outerwear,Well Loved,5300,950
Vintage,Men's Formal,Fair,0,1000
Adidas,Women's Traditional,Good,3900,1600
Converse,Men's Bottoms,Like New,4700,2800
V-Mart,Women's Tops,Good,1000,400
Aldo,Women's Bottoms,Good,3700,1800
Aldo,Women's Tops,Fair,7100,1650
Hidesign,Women's Tops,Like New,10700,6500
Marks & Spencer,Jewelry,Good,5000,2400
New Balance,Women's Tops,Like New,13700,9450
Biba,Women's Tops,Good,1700,600
Skechers,Women's Outerwear,Fair,4400,1250
H&M,Women's Traditional,Good,2800,1300
Clarks,Women's Tops,Like New,8300,5100
Payal Singhal,Women's Tops,Good,18500,7300
FabIndia,Women's Tops,Fair,2100,550
Aurelia,Men's Formal,Good,3300,1350
Westside,Accessories,Good,2000,850
V-Mart,Women's Bottoms,New with tags,1150,850
Skechers,Women's Traditional,Like New,2900,2150
Anita Dongre,Footwear,Like New,13900,8900
Nanushka,Women's Tops,Like New,15500,8450
Levi's,Men's Tops,New with tags,4000,3000
Chemistry,Men's Bottoms,Good,3200,1350
Abu Jani Sandeep Khosla,Women's Tops,Fair,99200,26250
Reformation,Women's Sets,Like New,20800,13300
Anju Modi,Men's Tops,Well Loved,17100,1900
Mango,Jewelry,Like New,8600,5000
Jaypore,Bags,Like New,6700,4450
Aurelia,Women's Outerwear,Good,2200,1250
Tommy Hilfiger,Women's Bottoms,Like New,11900,6950
Nanushka,Women's Tops,Like New,21000,10950
Manish Malhotra,Women's Bottoms,Like New,67900,37050
& Other Stories,Men's Tops,Good,8300,3100
Vero Moda,Women's Tops,Good,4000,1600
Masaba Gupta,Women's Bottoms,Good,9200,3700
Charles & Keith,Men's Bottoms,Good,4200,1500
Marks & Spencer,Women's Bottoms,Well Loved,6700,700
W,Women's Tops,Well Loved,3800,600
Tarun Tahiliani,Women's Tops,Good,116400,44150
Anita Dongre,Footwear,New with tags,34100,30690
Aldo,Men's Tops,Good,6500,2950
Westside,Men's Tops,Good,1600,500
Local Brand,Bags,Like New,700,500
Charles & Keith,Women's Dresses,Well Loved,3500,550
AND,Women's Dresses,Well Loved,2600,300
Thrift,Men's Outerwear,Like New,700,550
Chemistry,Men's Bottoms,Like New,1600,850
Max,Men's Bottoms,New with tags,800,550
Anita Dongre,Women's Tops,Good,24400,8800
Peter England,Women's Traditional,Well Loved,2800,500
Anamika Khanna,Women's Traditional,New with tags,34600,27050
Hidesign,Women's Sets,Like New,13400,8350
FabIndia,Women's Bottoms,Like New,6300,4000
Lacoste,Women's Bottoms,Well Loved,13500,1900
Monte Carlo,Women's Traditional,Like New,2400,1450
Tribe Amrapali,Women's Bottoms,Good,6600,2750
Tribe Amrapali,Men's Formal,Like New,3000,2150
Uniqlo,Women's Bottoms,Like New,2700,1900
Puma,Women's Dresses,Good,4100,1700
New Balance,Women's Traditional,Fair,5100,1400
Chemistry,Men's Tops,New with tags,3600,2800
Biba,Women's Dresses,Good,6400,2700
Levi's,Women's Bottoms,Fair,7300,1650
Biba,Bags,Good,5800,2350
Ralph Lauren,Women's Tops,New with tags,11000,7800
Reliance Trends,Women's Tops,Good,1300,500
Adidas,Women's Tops,Like New,8000,5050
Ritu Kumar,Women's Bottoms,Like New,24200,14950
Forever 21,Women's Bottoms,Good,3400,1300
Vintage,Men's Bottoms,Good,0,1600
Under Armour,Men's Tops,Good,2200,850
Mango,Women's Bottoms,Like New,7000,4000
New Balance,Women's Sets,Fair,7000,1800
Shantanu & Nikhil,Women's Bottoms,Like New,33600,17450
Converse,Women's Dresses,Well Loved,4000,450
Forever 21,Women's Dresses,Good,4000,1400
Thrift,Women's Tops,Like New,900,450
Puma,Men's Bottoms,Fair,5100,1000
Sangria,Bags,Well Loved,2300,350
Reebok,Women's Dresses,Fair,6800,1700
Rangmanch,Men's Bottoms,Fair,1400,300
Converse,Men's Tops,Like New,4100,2700
Lacoste,Women's Tops,Like New,7100,3750
V-Mart,Women's Bottoms,Like New,1450,850
Van Heusen,Footwear,Good,5300,2300
V-Mart,Women's Traditional,Fair,750,250
Nike,Women's Sets,Good,7200,2900
Peter England,Women's Tops,Like New,2200,1350
Calvin Klein,Men's Bottoms,New with tags,7200,4900
AND,Women's Bottoms,Like New,8000,4650
Skechers,Men's Outerwear,Like New,7400,5650
Sabyasachi,Bags,Good,70100,33950
Calvin Klein,Men's Tops,Good,9900,3250
Forever 21,Women's Bottoms,Good,2100,750
Monte Carlo,Jewelry,Like New,4500,3000
Levi's,Women's Bottoms,Good,8400,2950
ARKET,Footwear,Well Loved,16900,2850
Lacoste,Women's Traditional,Like New,8300,5900
Sabyasachi,Accessories,Like New,147900,77750
Hidesign,Men's Bottoms,Like New,14800,9600
Hidesign,Women's Outerwear,Like New,15800,10550
Accessorize,Women's Outerwear,Well Loved,3100,500
Accessorize,Women's Dresses,New with tags,700,600
Thrift,Women's Bottoms,Good,1400,650
New Balance,Women's Bottoms,New with tags,6100,5400
ARKET,Women's Traditional,Good,6400,3250
Park Avenue,Men's Tops,Good,2600,950
Tarun Tahiliani,Jewelry,Fair,47800,12000
Rangmanch,Women's Dresses,Fair,3400,900
Nanushka,Women's Outerwear,Like New,22000,17600
Tommy Hilfiger,Women's Outerwear,Like New,5500,4050
ASOS,Men's Bottoms,Fair,3200,750
Westside,Women's Tops,Good,2000,850
ASOS,Women's Sets,Like New,800,500
W,Women's Outerwear,Good,2100,1000
Max,Women's Outerwear,Like New,2400,1700
Chemistry,Men's Formal,Like New,2500,1600
AND,Women's Bottoms,Fair,5400,1500
Converse,Men's Bottoms,Good,4700,1850
Calvin Klein,Men's Tops,Good,7600,2800
& Other Stories,Men's Formal,Well Loved,5200,600
Aurelia,Women's Traditional,Good,4600,1900
New Balance,Women's Dresses,Like New,9700,5600
Arrow,Women's Sets,Like New,4400,2600
Arrow,Women's Sets,Good,4700,2050
COS,Women's Sets,Like New,13500,8850
Biba,Men's Outerwear,Well Loved,1300,200
Ritu Wear,Men's Bottoms,Like New,5900,3750
Levi's,Women's Tops,Well Loved,4800,550
Sangria,Women's Bottoms,Good,2500,1250
Forever 21,Women's Traditional,New with tags,3200,2880
& Other Stories,Women's Dresses,Like New,12700,7450
Levi's,Women's Traditional,Fair,3300,900
Vans,Bags,Like New,6200,4450
Nike,Men's Tops,Well Loved,6500,1050
Amrapali,Women's Bottoms,Well Loved,9400,1300
Skechers,Footwear,Good,4900,2050
Vero Moda,Men's Bottoms,Like New,5300,2550
Steve Madden,Women's Bottoms,Good,7600,2700
Anatomy,Women's Outerwear,Well Loved,2100,300
Amrapali,Women's Sets,Good,8500,3550
Charles & Keith,Women's Dresses,Like New,5700,3050
Under Armour,Men's Bottoms,Like New,3000,2000
Masaba Gupta,Women's Tops,Like New,7600,3900
Payal Singhal,Bags,Fair,11200,3100
Pantaloons,Women's Dresses,Good,1400,650
Vintage,Women's Outerwear,Like New,0,2250
Thrift,Men's Tops,Like New,1300,750
Acne Studios,Women's Traditional,Well Loved,24500,3100
Payal Singhal,Women's Tops,Well Loved,17600,2350
Local Brand,Women's Tops,Good,750,300
Marks & Spencer,Women's Outerwear,Like New,4300,3300
Converse,Women's Tops,Fair,5600,1200
Max,Women's Traditional,Like New,2200,1350
Charles & Keith,Women's Dresses,Good,3900,1400
Shantanu & Nikhil,Footwear,New with tags,13400,11700
Local Brand,Jewelry,Good,350,150
Lacoste,Men's Outerwear,Good,7500,3300
Uniqlo,Women's Tops,Fair,3500,700
Zara,Women's Tops,Good,4200,1700
Skechers,Men's Bottoms,Good,6900,2450
Sangria,Men's Formal,Like New,3000,1800
Tribe Amrapali,Women's Dresses,Fair,4800,1050
Aurelia,Women's Sets,New with tags,2100,1700
No Brand,Men's Tops,Like New,550,300
AND,Women's Tops,Good,5800,1800
Anita Dongre,Women's Dresses,Good,23400,10100
Charles & Keith,Men's Formal,Good,4700,1650
Local Brand,Women's Traditional,Good,1650,650
Nike,Men's Bottoms,Good,6100,2700
V-Mart,Men's Bottoms,Good,800,350
Baggit,Women's Outerwear,Good,2700,1450
ARKET,Men's Formal,New with tags,6900,6000
Park Avenue,Men's Tops,Fair,5300,1450
Vans,Women's Dresses,Like New,6200,4550
Pantaloons,Women's Tops,Like New,2500,1600
Under Armour,Men's Outerwear,Fair,6800,1750
Tommy Hilfiger,Women's Dresses,Like New,7700,4750
Abu Jani Sandeep Khosla,Women's Bottoms,Good,82600,33250
Shantanu & Nikhil,Women's Sets,Good,34600,14550
AND,Women's Sets,Fair,1400,400
Max,Men's Tops,Like New,600,300
Reebok,Women's Tops,Fair,6600,1500
Amrapali,Women's Tops,Fair,8300,2100
Pantaloons,Accessories,New with tags,3400,2150
Aurelia,Women's Tops,Fair,1300,300
Manish Malhotra,Women's Bottoms,Fair,53800,13400
Nanushka,Men's Tops,Like New,11500,6050
Masaba Gupta,Men's Tops,Like New,15700,8350
& Other Stories,Women's Tops,Like New,12700,7750
Levi's,Women's Traditional,Well Loved,8600,1450
Levi's,Women's Traditional,Like New,8400,5650
Van Heusen,Men's Bottoms,Like New,2400,1450
Masaba Gupta,Men's Bottoms,Good,15900,7700
Forever 21,Women's Tops,Good,1600,600
Under Armour,Men's Formal,Fair,3400,850
Global Desi,Men's Outerwear,Like New,4700,3550
V-Mart,Women's Tops,Like New,900,500
W,Women's Tops,Like New,3900,2650
H&M,Women's Tops,Well Loved,1700,200
Nine West,Women's Bottoms,Fair,7100,1650
Vintage,Jewelry,Good,0,2000
Park Avenue,Footwear,Good,2600,1100
Amrapali,Accessories,New with tags,14400,9200
Marks & Spencer,Women's Tops,Like New,4200,2750
Van Heusen,Footwear,Like New,2400,1400
Thrift,Women's Bottoms,Like New,450,250
Ritu Kumar,Women's Traditional,Like New,22700,17250
Reliance Trends,Men's Tops,Good,400,150
Nike,Bags,Good,8100,4300
Global Desi,Women's Tops,Good,8600,3700
W,Women's Tops,Good,3200,1250
Vero Moda,Men's Outerwear,Well Loved,5900,1100
New Balance,Men's Bottoms,Fair,5300,1050
Chemistry,Men's Bottoms,Well Loved,2600,300
FabIndia,Accessories,Like New,2300,1300
Biba,Women's Tops,Like New,2400,1150
ARKET,Bags,Like New,11700,8100
Tarun Tahiliani,Women's Bottoms,Like New,46300,25050
Ritu Kumar,Bags,New with tags,26300,22450
Shantanu & Nikhil,Men's Tops,Fair,17600,3500
Nike,Women's Tops,New with tags,7500,6350
New Balance,Women's Tops,Like New,7400,4500
Peter England,Men's Tops,New with tags,2300,1550
Reformation,Women's Tops,Like New,24200,14100
Monte Carlo,Women's Traditional,Fair,4900,1550
Levi's,Women's Bottoms,Like New,8900,6150
Zara,Women's Outerwear,Like New,8100,5550
Only,Women's Tops,Good,3400,1150
Louis Philippe,Women's Traditional,Good,2900,1200
Rangmanch,Women's Traditional,Good,1100,600
Rohit Bal,Women's Sets,Fair,38000,10900
Nanushka,Women's Tops,Like New,17600,9450
AND,Women's Traditional,Good,1400,550
Under Armour,Bags,Good,2100,950
Pantaloons,Women's Tops,Fair,600,150
COS,Women's Bottoms,Fair,10200,2700
Anamika Khanna,Men's Tops,Good,14800,5350
Reebok,Footwear,Good,3000,1150
Anatomy,Women's Tops,Like New,4200,2700
Sabyasachi,Women's Traditional,Like New,108100,73700
Hidesign,Men's Bottoms,Like New,16600,9550
Reformation,Women's Tops,Like New,10400,6500
New Balance,Men's Bottoms,Like New,11600,7650
Thrift,Women's Bottoms,Fair,800,250
Tribe Amrapali,Men's Tops,Like New,2900,1650
Acne Studios,Women's Bottoms,Like New,27500,17700
Vans,Men's Bottoms,New with tags,7900,6400
FabIndia,Women's Sets,Like New,3200,1750
ARKET,Women's Outerwear,Well Loved,12600,2100
Forever 21,Women's Dresses,Like New,3200,2000
Park Avenue,Footwear,Like New,3900,2950
Van Heusen,Men's Tops,Like New,3400,2300
Chemistry,Women's Dresses,Like New,1700,1000
Monte Carlo,Accessories,Well Loved,1300,100
Sangria,Women's Tops,Good,800,350
Louis Philippe,Bags,Fair,7600,1950
Toteme,Men's Formal,Fair,34500,7950
Forever 21,Women's Bottoms,Well Loved,700,100
Louis Philippe,Women's Traditional,Like New,2700,1700
Payal Singhal,Jewelry,Like New,22000,16150
Manish Malhotra,Women's Outerwear,Like New,136700,90450
Tarun Tahiliani,Women's Tops,Good,56100,22350
Rangmanch,Women's Traditional,Good,3400,1400
Sangria,Jewelry,Like New,1100,700
Anju Modi,Women's Traditional,Fair,21400,5950
Anatomy,Women's Bottoms,Good,4300,2050
Max,Men's Bottoms,Fair,1700,400
AND,Women's Outerwear,Well Loved,8600,1750
Peter England,Women's Traditional,Well Loved,2000,200
Local Brand,Men's Outerwear,Well Loved,1050,150
& Other Stories,Footwear,Fair,6100,1750
Allen Solly,Footwear,Like New,4400,2850
Aldo,Women's Outerwear,Like New,5700,3950
Tarun Tahiliani,Women's Bottoms,Like New,107100,58250
Skechers,Men's Bottoms,Like New,4800,2700
Max,Men's Tops,Like New,1600,1050
Forever 21,Women's Traditional,Good,900,400
Tarun Tahiliani,Men's Outerwear,Good,80800,34300
Nanushka,Men's Tops,Good,21500,9700
Ralph Lauren,Accessories,Like New,5500,3150
Anatomy,Women's Bottoms,Like New,1400,900
Mango,Women's Traditional,Like New,9400,6250
Manish Malhotra,Women's Outerwear,Like New,50400,42050
Peter England,Men's Bottoms,Like New,1200,600
Lacoste,Men's Outerwear,Well Loved,7500,950
Aurelia,Women's Tops,New with tags,2800,1900
Vero Moda,Women's Traditional,New with tags,1600,1300
Anju Modi,Women's Tops,Fair,24100,5750
Toteme,Women's Sets,Well Loved,25700,2600
Abu Jani Sandeep Khosla,Men's Tops,Like New,67300,37550
Vero Moda,Women's Traditional,Like New,5800,4400
Aldo,Women's Outerwear,Fair,7800,1950
Reformation,Accessories,Like New,11700,6300
Abu Jani Sandeep Khosla,Women's Tops,New with tags,46600,37700
Levi's,Accessories,Like New,8000,4000
Only,Women's Tops,Well Loved,3000,300
Acne Studios,Men's Bottoms,Like New,29400,17950
Sabyasachi,Women's Dresses,Fair,154100,36050
Rangmanch,Bags,Fair,2000,500
ASOS,Footwear,Like New,3000,2150
Vintage,Women's Outerwear,Good,0,250
Levi's,Women's Traditional,New with tags,8800,7650
Chemistry,Women's Sets,Well Loved,4400,500
New Balance,Men's Outerwear,Like New,7800,5750
Tribe Amrapali,Women's Dresses,Well Loved,2600,350
Nine West,Men's Tops,Fair,4000,900
Tarun Tahiliani,Accessories,Good,58500,21450
& Other Stories,Women's Tops,Good,8700,3250
Louis Philippe,Women's Tops,Like New,7100,4000
AND,Men's Tops,Fair,5100,1400
Payal Singhal,Women's Dresses,Like New,23600,16750
Rangmanch,Women's Bottoms,Fair,2300,450
Ritu Kumar,Women's Bottoms,Like New,27100,16650
Nike,Women's Tops,Fair,4000,850
Anita Dongre,Women's Outerwear,Fair,24900,6650
Anatomy,Women's Tops,Good,3500,1250
Masaba Gupta,Women's Bottoms,New with tags,19000,14450
No Brand,Men's Tops,Well Loved,200,100
Manish Malhotra,Women's Bottoms,Well Loved,92200,9100
Anatomy,Men's Bottoms,Good,2800,1100
COS,Footwear,Fair,13700,3600
FabIndia,Men's Tops,Good,5500,1850
Acne Studios,Women's Sets,Like New,49200,31900
Jaypore,Bags,Good,1700,850
AND,Women's Dresses,Good,1400,650
ASOS,Women's Dresses,New with tags,1300,1100
Charles & Keith,Women's Traditional,Well Loved,3200,400
ARKET,Men's Bottoms,Good,15900,5200
Local Brand,Footwear,Good,1800,750
& Other Stories,Women's Dresses,Good,12300,5000
Monte Carlo,Men's Formal,Fair,900,250
Peter England,Women's Traditional,Like New,3600,2200
Nine West,Men's Tops,Like New,7800,4550
Zara,Women's Bottoms,Fair,4000,950
Reliance Trends,Men's Tops,Like New,950,500
Westside,Women's Tops,Fair,2900,650
& Other Stories,Women's Bottoms,Fair,13100,3250
Reformation,Women's Tops,New with tags,10000,7350
Reformation,Women's Traditional,New with tags,23800,20150
Allen Solly,Men's Bottoms,Fair,2000,550
ARKET,Men's Tops,Fair,12500,2900
Chemistry,Women's Tops,New with tags,1800,1350
Anamika Khanna,Men's Outerwear,Like New,16100,10400
Anamika Khanna,Women's Traditional,Good,32700,17700
Converse,Women's Traditional,Fair,4500,1450
Under Armour,Women's Bottoms,Good,2600,1100
Nike,Footwear,Good,8100,3250
Thrift,Men's Outerwear,Fair,350,100
Skechers,Men's Bottoms,Well Loved,3100,350
Biba,Footwear,Like New,1600,1000
Sangria,Women's Dresses,New with tags,1900,1650
Ritu Kumar,Men's Bottoms,Fair,17100,3500
Ralph Lauren,Women's Outerwear,Like New,16400,12100
Nike,Women's Traditional,Good,3100,1350
Abu Jani Sandeep Khosla,Women's Traditional,New with tags,65000,54950
Aldo,Men's Bottoms,Good,8000,3300
Masaba Gupta,Women's Bottoms,Good,11100,3750
Zara,Footwear,Like New,1400,950
W,Men's Tops,Like New,1600,800
Aurelia,Men's Tops,Like New,1400,800
Vans,Jewelry,Good,5400,2150
Tribe Amrapali,Men's Tops,Like New,8600,5450
AND,Women's Bottoms,Good,8400,3550
FabIndia,Men's Tops,Like New,4100,2600
Reliance Trends,Women's Tops,Fair,1500,400
Allen Solly,Jewelry,Good,2300,900
Amrapali,Men's Bottoms,Like New,8900,4800
Reliance Trends,Men's Bottoms,Good,1300,600
Skechers,Women's Sets,Good,7700,3400
Skechers,Women's Traditional,New with tags,5100,4550
AND,Women's Outerwear,Like New,7800,6200
Steve Madden,Men's Formal,Good,4000,1500
Rangmanch,Men's Bottoms,Like New,3900,2250
Lacoste,Bags,Like New,5000,3900
Amrapali,Men's Tops,Good,13300,5100
Calvin Klein,Women's Tops,Like New,10000,5500
New Balance,Men's Formal,Like New,10000,5600
COS,Men's Formal,Well Loved,4100,650
Zara,Women's Tops,Like New,4200,2750
Peter England,Women's Tops,Well Loved,3600,400
Anatomy,Men's Outerwear,New with tags,3100,2790
Tarun Tahiliani,Bags,Fair,41800,13000
Ritu Kumar,Footwear,Good,28600,11050
Zara,Women's Traditional,Good,2900,1300
ARKET,Men's Formal,Good,12300,5700
Steve Madden,Footwear,New with tags,4600,4140
Skechers,Women's Bottoms,Like New,4400,3000
Peter England,Women's Outerwear,Good,1500,650
Tommy Hilfiger,Jewelry,Good,7900,3450
& Other Stories,Men's Outerwear,Like New,10300,7500
Vero Moda,Women's Tops,Fair,4600,1100
Calvin Klein,Women's Traditional,Like New,10300,6450
Baggit,Women's Bottoms,Fair,3900,850
Chemistry,Men's Formal,Good,3800,1650
Jaypore,Men's Bottoms,Fair,1300,250
COS,Women's Sets,Fair,5900,1200
Anamika Khanna,Footwear,Fair,38300,10700
Rohit Bal,Women's Bottoms,Good,75300,28900
Tommy Hilfiger,Women's Outerwear,Like New,4900,3000
FabIndia,Women's Tops,Like New,3100,1850
Masaba Gupta,Women's Tops,Fair,9500,2050
Rohit Bal,Women's Bottoms,Like New,52700,33000
Levi's,Men's Tops,Fair,4100,1000
Clarks,Women's Traditional,Like New,7100,4550
Global Desi,Women's Sets,Fair,10000,2150
New Balance,Men's Bottoms,New with tags,12900,10050
Local Brand,Women's Traditional,Well Loved,1200,200
& Other Stories,Women's Tops,Well Loved,7700,800
No Brand,Women's Traditional,Like New,1100,750
New Balance,Men's Tops,Good,13100,5350
Acne Studios,Women's Sets,Like New,29000,17550
Amrapali,Women's Bottoms,Like New,19100,11700
Reebok,Women's Bottoms,Fair,5000,1150
Reformation,Men's Bottoms,Fair,15200,3700
Abu Jani Sandeep Khosla,Women's Tops,Good,76200,36600
Reebok,Footwear,Like New,2600,1600
Charles & Keith,Men's Formal,Like New,4600,3050
Nanushka,Women's Tops,Good,15300,5700
ASOS,Women's Dresses,Good,3400,1400
Toteme,Women's Traditional,Fair,31500,6950
Arrow,Women's Bottoms,Fair,4200,1150
Arrow,Men's Outerwear,Good,4700,2350
Arrow,Women's Dresses,New with tags,3600,2950
Levi's,Footwear,Fair,6300,1900
Acne Studios,Women's Outerwear,Good,14200,6900
Converse,Accessories,Like New,7500,3950
FabIndia,Men's Bottoms,Good,5900,2600
Skechers,Men's Tops,Good,5100,1750
Van Heusen,Women's Bottoms,Good,4400,1850
Marks & Spencer,Men's Formal,Good,3600,1650
Aurelia,Women's Bottoms,Like New,1600,1000
Park Avenue,Women's Bottoms,Fair,4400,1050
Vans,Women's Traditional,Good,4300,2300
Manish Malhotra,Women's Tops,Well Loved,127200,13800
Adidas,Women's Sets,Like New,1900,1200
Only,Women's Traditional,Fair,2700,650
Aldo,Footwear,Fair,7100,1650
Forever 21,Women's Bottoms,New with tags,3400,2400
Charles & Keith,Men's Tops,New with tags,7400,5150
Uniqlo,Women's Dresses,Like New,1800,1100
No Brand,Women's Bottoms,Fair,900,200
Louis Philippe,Women's Tops,Good,1700,650
Only,Men's Formal,New with tags,4900,4150
Marks & Spencer,Men's Bottoms,Good,3800,1250
Pantaloons,Women's Bottoms,Like New,800,550
Hidesign,Men's Tops,Like New,17900,9500
Manish Malhotra,Men's Tops,Fair,68500,18600
Vans,Women's Tops,Like New,3900,2500
Adidas,Women's Tops,Fair,5100,1250
Ritu Wear,Women's Dresses,Good,4700,1950
Levi's,Men's Outerwear,Good,3700,2100
Vero Moda,Men's Outerwear,Good,5300,2300
Tarun Tahiliani,Jewelry,Fair,77000,19900
Vans,Men's Tops,New with tags,4300,3150
New Balance,Men's Bottoms,New with tags,9500,6750
Under Armour,Men's Outerwear,Good,4300,1950
Manish Malhotra,Women's Bottoms,Fair,125000,27350
Nanushka,Women's Traditional,Good,14900,6300
Forever 21,Men's Bottoms,Like New,2800,1550
AND,Women's Bottoms,Fair,6100,1500
New Balance,Women's Bottoms,Like New,7500,4550
Tarun Tahiliani,Men's Formal,New with tags,101400,77550
Vero Moda,Women's Tops,Good,4200,1500
Hidesign,Women's Traditional,Well Loved,12400,1650
Aurelia,Men's Bottoms,New with tags,4000,3400
Global Desi,Footwear,Like New,5000,3400
Ritu Wear,Men's Bottoms,Like New,8400,5550
Amrapali,Men's Tops,Fair,4500,1000
Reliance Trends,Women's Sets,Well Loved,650,100
Max,Men's Formal,New with tags,1500,1350
Monte Carlo,Women's Traditional,Like New,1900,1400
Rohit Bal,Women's Outerwear,New with tags,63800,57420
No Brand,Women's Dresses,Like New,550,350
Tarun Tahiliani,Men's Outerwear,Good,102300,53800
Nanushka,Women's Bottoms,Like New,17600,12550
Nike,Men's Bottoms,Good,8200,3250
Forever 21,Women's Outerwear,Good,1700,900
Ritu Wear,Women's Traditional,Like New,4600,3300
Van Heusen,Men's Tops,Fair,3600,800
Reebok,Men's Outerwear,Good,6200,3300
Max,Women's Tops,Fair,1900,400
Monte Carlo,Women's Traditional,Good,1200,650
ASOS,Women's Tops,Like New,1500,750
Tommy Hilfiger,Women's Sets,Well Loved,11100,1100
Thrift,Women's Sets,Fair,850,250
Sangria,Men's Outerwear,Well Loved,2300,350
Skechers,Accessories,Fair,6700,1200
Sabyasachi,Women's Dresses,Fair,92700,21000
Converse,Women's Bottoms,Like New,6600,4500
Steve Madden,Accessories,New with tags,8400,5750
Local Brand,Men's Tops,Like New,850,550
Biba,Women's Tops,Like New,2100,1400
ASOS,Women's Bottoms,Like New,5000,3400
New Balance,Women's Bottoms,Well Loved,11700,1500
Anita Dongre,Men's Tops,Fair,30200,6850
Park Avenue,Women's Tops,Good,5300,1900
New Balance,Men's Tops,Good,8100,3250
Anita Dongre,Women's Tops,Good,16100,7550
Reformation,Footwear,Good,9600,4100
Ritu Kumar,Women's Tops,New with tags,20400,15950
Ritu Kumar,Women's Traditional,New with tags,6700,5350
Payal Singhal,Women's Traditional,Like New,17600,12100
Lacoste,Men's Tops,Fair,12300,3000
Abu Jani Sandeep Khosla,Men's Tops,New with tags,40300,30250
AND,Bags,Like New,6200,3950
Only,Women's Dresses,Good,3300,1300
Ritu Wear,Men's Formal,Like New,5000,2850
Rohit Bal,Women's Dresses,Fair,38200,7500
Lacoste,Jewelry,Good,10700,5000
Marks & Spencer,Women's Outerwear,Good,5600,2350
Allen Solly,Men's Tops,Fair,5500,950
Converse,Men's Outerwear,Well Loved,4100,600
Marks & Spencer,Women's Traditional,New with tags,2100,1890
W,Women's Traditional,New with tags,3700,3200
Masaba Gupta,Women's Bottoms,Like New,20200,12450
Converse,Women's Bottoms,Like New,7300,4550
FabIndia,Women's Outerwear,Good,3400,1450
Park Avenue,Men's Outerwear,Fair,4900,1150
Clarks,Footwear,Fair,5800,1750
Reformation,Women's Tops,Fair,17700,4650
Amrapali,Women's Bottoms,Good,10000,5100
Charles & Keith,Women's Traditional,Like New,7700,5550
Louis Philippe,Women's Traditional,Good,2300,1100
Baggit,Accessories,Fair,4300,900
Nine West,Women's Bottoms,Good,4100,1900
Toteme,Women's Tops,Like New,11800,7750
Thrift,Women's Traditional,Like New,650,450
Local Brand,Men's Tops,Like New,1650,1100
Peter England,Women's Bottoms,Like New,2600,1750
Monte Carlo,Women's Dresses,Good,2700,1150
Forever 21,Women's Tops,Like New,1500,850
Nine West,Footwear,Fair,3600,850
Mango,Accessories,Good,2600,750
Sabyasachi,Footwear,Like New,52700,39350
Rangmanch,Women's Tops,Good,4000,1550
Charles & Keith,Men's Formal,Fair,7300,1850
& Other Stories,Women's Tops,Good,9500,4000
Arrow,Women's Traditional,New with tags,4100,3500
Ritu Wear,Women's Outerwear,Fair,6500,1900
Manish Malhotra,Women's Outerwear,Well Loved,111400,12750
AND,Men's Formal,New with tags,8500,7350
COS,Men's Tops,Like New,14000,8650
Sangria,Bags,Fair,2500,850
Amrapali,Women's Traditional,Like New,3100,2050
Sabyasachi,Women's Traditional,Like New,60600,42700
Accessorize,Women's Bottoms,Fair,3700,1000
Sabyasachi,Women's Outerwear,Fair,92600,25750
Reebok,Women's Bottoms,New with tags,2600,2000
Rangmanch,Women's Tops,New with tags,2900,2050
Anatomy,Jewelry,Like New,1700,1100
Lacoste,Accessories,Like New,7300,4350
Local Brand,Men's Bottoms,Good,1050,350
Mango,Women's Outerwear,Like New,3800,2800
Biba,Women's Outerwear,Good,5700,2400
Park Avenue,Women's Traditional,Like New,2300,1900
Sabyasachi,Men's Tops,Good,94800,39500
Westside,Men's Tops,Well Loved,2900,450
Anju Modi,Women's Dresses,Like New,22100,15100
Shantanu & Nikhil,Women's Bottoms,Like New,34200,20750
Monte Carlo,Men's Outerwear,Good,2300,1000
Acne Studios,Women's Outerwear,Fair,21900,6950
Jaypore,Women's Bottoms,Good,7500,2700
Westside,Women's Tops,Like New,2600,1800
Puma,Women's Outerwear,Like New,4300,3750
Clarks,Men's Tops,Fair,8100,1750
Abu Jani Sandeep Khosla,Men's Tops,Good,57600,22150
Ritu Kumar,Women's Bottoms,Like New,25700,16550
Nike,Men's Tops,Good,2200,850
Ralph Lauren,Women's Traditional,Like New,15500,10900
Adidas,Men's Tops,Good,3300,1100
Only,Women's Tops,New with tags,1600,1200
Tarun Tahiliani,Women's Dresses,Good,39500,17400
Ritu Kumar,Women's Dresses,Well Loved,19400,2900
Calvin Klein,Women's Tops,Good,4700,1800
Adidas,Men's Formal,New with tags,3200,2550
Ritu Wear,Women's Traditional,New with tags,5500,4950
AND,Women's Bottoms,Like New,2700,1600
Rangmanch,Women's Tops,Well Loved,4200,550
Tarun Tahiliani,Women's Outerwear,Good,75000,31400
New Balance,Women's Traditional,Like New,9300,7100
Park Avenue,Men's Tops,Good,1900,700
ASOS,Men's Bottoms,Like New,3900,2450
Clarks,Women's Sets,Good,10200,5300
Toteme,Footwear,Like New,18200,12150
Sabyasachi,Women's Traditional,Well Loved,66400,9950
Vans,Women's Tops,Like New,7200,4050
Ritu Wear,Women's Dresses,New with tags,8500,6300
Aurelia,Women's Traditional,Good,800,350
Anju Modi,Men's Tops,Good,26300,10500
Manish Malhotra,Men's Formal,Good,105200,46450
Steve Madden,Men's Tops,Like New,3900,2200
Uniqlo,Men's Bottoms,Good,3100,1200
Charles & Keith,Men's Formal,Good,7900,3450
Vintage,Men's Bottoms,Good,0,400
Anatomy,Bags,Good,1900,850
Nanushka,Women's Tops,Like New,20700,13200
Under Armour,Women's Bottoms,New with tags,5300,3850
Peter England,Women's Sets,Like New,1900,1300
Adidas,Men's Bottoms,Like New,4700,2950
Amrapali,Women's Tops,Good,11400,4250
Manish Malhotra,Women's Bottoms,Fair,51300,11150
Arrow,Women's Traditional,Good,2600,1200
Only,Footwear,Like New,1400,1000
Jaypore,Women's Dresses,New with tags,3700,2600
ASOS,Women's Bottoms,Fair,4800,1250
Reebok,Women's Traditional,Like New,3900,2250
Nine West,Women's Outerwear,Like New,6500,4600
Masaba Gupta,Men's Bottoms,Well Loved,19600,2100
Reebok,Men's Tops,Well Loved,4100,400
& Other Stories,Women's Sets,Fair,11500,3500
Park Avenue,Women's Traditional,Well Loved,5700,950
Marks & Spencer,Women's Traditional,Like New,2300,1650
Reliance Trends,Women's Dresses,Good,1300,600
Amrapali,Men's Tops,New with tags,6200,4750
Accessorize,Men's Formal,Fair,900,250
Acne Studios,Women's Sets,Like New,34900,21000
Mango,Men's Formal,Like New,7400,4700
Nanushka,Women's Bottoms,Well Loved,17500,1900
Monte Carlo,Bags,Like New,4000,3200
W,Women's Traditional,Fair,4200,1050
Steve Madden,Men's Tops,Good,4600,1700
Reformation,Women's Tops,Like New,11100,6350
Sabyasachi,Women's Tops,Good,80300,34650
Converse,Women's Tops,Well Loved,5700,600
Ralph Lauren,Footwear,New with tags,15100,12200
Shantanu & Nikhil,Women's Outerwear,Like New,17200,11800
ASOS,Women's Outerwear,Good,3300,1450
Hidesign,Women's Tops,New with tags,17300,15250
Marks & Spencer,Men's Tops,Like New,6400,4150
Ralph Lauren,Footwear,Good,12000,5450
Only,Footwear,Good,4800,2300
Vans,Men's Bottoms,New with tags,7100,5250
Anita Dongre,Women's Bottoms,Fair,18700,4400
Vans,Women's Tops,Like New,6800,3750
Vans,Men's Bottoms,Like New,5700,3150
Forever 21,Women's Traditional,Fair,2300,600
Amrapali,Women's Sets,New with tags,18700,14100
Ritu Kumar,Women's Bottoms,Like New,25300,15350
Rangmanch,Footwear,Fair,4800,1300
Biba,Women's Bottoms,Good,4900,1850
Marks & Spencer,Jewelry,Good,5200,2350
Arrow,Men's Bottoms,Fair,4100,850
Chemistry,Women's Traditional,Good,3100,1300
Adidas,Women's Sets,Fair,3300,1000
Forever 21,Women's Outerwear,Like New,3100,2250
Tribe Amrapali,Women's Tops,Like New,6900,4650
Park Avenue,Men's Outerwear,New with tags,5400,4860
Monte Carlo,Bags,Like New,1000,650
Biba,Women's Traditional,Good,6500,3000
No Brand,Accessories,Good,450,150
Tommy Hilfiger,Women's Outerwear,Good,9700,4350
Van Heusen,Men's Bottoms,Good,5600,1950
Arrow,Men's Tops,New with tags,4400,3150
Ritu Wear,Women's Dresses,Like New,2100,1450
Nine West,Women's Sets,Like New,4800,3300
Park Avenue,Accessories,Well Loved,3100,400
Vero Moda,Men's Tops,Good,3800,1450
Arrow,Women's Bottoms,New with tags,4200,3150
Aurelia,Men's Outerwear,New with tags,3100,2600
Shantanu & Nikhil,Women's Traditional,Like New,10700,7850
Biba,Men's Tops,Like New,2700,1700
Rangmanch,Women's Outerwear,Fair,2400,600
Lacoste,Women's Bottoms,Good,4100,1500
AND,Women's Dresses,Fair,7500,2000
Masaba Gupta,Women's Outerwear,Like New,12100,7750
Nine West,Men's Formal,Like New,7600,5050
Converse,Women's Tops,Fair,7200,1500
Park Avenue,Jewelry,New with tags,4900,4410
Ritu Kumar,Men's Bottoms,Good,29000,9800
Vintage,Women's Outerwear,Well Loved,0,150
Masaba Gupta,Women's Bottoms,Fair,11700,2500
Park Avenue,Women's Bottoms,Well Loved,4900,500
New Balance,Men's Tops,New with tags,11900,9550
Westside,Women's Sets,Fair,3700,1200
Nanushka,Men's Formal,Like New,12200,7200
Ritu Wear,Men's Tops,Good,3700,1550
FabIndia,Men's Bottoms,Like New,5100,2900
Manish Malhotra,Women's Sets,Good,110300,41700
Tarun Tahiliani,Footwear,Good,88400,35950
Forever 21,Women's Tops,Good,1500,600
Ritu Kumar,Men's Outerwear,Well Loved,14500,2500
Nanushka,Women's Outerwear,Like New,26700,16350
Puma,Women's Bottoms,Like New,4500,2700
Adidas,Women's Dresses,Good,6200,2650
Puma,Women's Tops,Fair,5500,1600
Tommy Hilfiger,Women's Bottoms,Good,9800,3700
Allen Solly,Footwear,Good,5100,2150
Tommy Hilfiger,Women's Bottoms,Fair,4500,1100
Jaypore,Men's Bottoms,Like New,5400,3000
Accessorize,Women's Outerwear,Good,900,450
Sabyasachi,Women's Traditional,Like New,136500,99950
Anju Modi,Women's Traditional,Well Loved,19200,3600
Pantaloons,Women's Dresses,Like New,3200,2300
AND,Women's Sets,Like New,5500,4150
Ralph Lauren,Women's Bottoms,Good,7200,2750
Vintage,Women's Dresses,Good,0,2100
Max,Women's Tops,Good,2100,900
New Balance,Footwear,Good,10600,4800
Peter England,Women's Outerwear,Good,2200,950
ASOS,Women's Traditional,Like New,1600,1250
Arrow,Women's Dresses,Good,5200,2300
Payal Singhal,Women's Outerwear,New with tags,16900,15210
Amrapali,Women's Dresses,Good,15100,6050
Peter England,Women's Bottoms,Like New,2400,1450
Ralph Lauren,Bags,Good,11000,4700
COS,Women's Bottoms,Well Loved,12600,1800
Under Armour,Men's Bottoms,Good,6800,2600
Arrow,Women's Dresses,Like New,4300,2850
Nanushka,Men's Outerwear,New with tags,26400,22800
Local Brand,Women's Tops,Like New,1000,550
Reformation,Women's Sets,Like New,17400,11200
Van Heusen,Men's Tops,Fair,4400,1050
Ritu Kumar,Women's Bottoms,Like New,16100,9600
H&M,Men's Formal,Fair,4000,1150
FabIndia,Men's Tops,New with tags,3800,2500
Calvin Klein,Men's Formal,Good,12700,4800
Ritu Kumar,Men's Tops,Fair,16600,4150
Anju Modi,Women's Dresses,Good,22500,10050
Nike,Women's Bottoms,Like New,9900,5500
Anamika Khanna,Women's Outerwear,Like New,24000,17600
COS,Men's Bottoms,Well Loved,14800,2300
Uniqlo,Women's Traditional,Well Loved,1500,250
Park Avenue,Men's Tops,Fair,4000,950
Vintage,Women's Traditional,New with tags,0,4450
New Balance,Women's Outerwear,Good,7400,4050
Converse,Women's Tops,Fair,4500,1250
Vero Moda,Bags,Fair,1200,250
Reebok,Women's Traditional,Fair,4300,950
Thrift,Bags,Like New,1100,800
Reformation,Men's Tops,Like New,16700,10950
Levi's,Men's Bottoms,Like New,7900,4350
Vans,Men's Tops,Well Loved,4500,450
Amrapali,Women's Tops,Like New,15600,9600
Ritu Wear,Women's Tops,Good,3100,1150
Westside,Men's Bottoms,Like New,3000,1750
FabIndia,Women's Dresses,Good,6500,2900
V-Mart,Women's Tops,New with tags,250,150
Calvin Klein,Women's Tops,Good,7700,3250
Adidas,Footwear,New with tags,7500,5950
Accessorize,Women's Traditional,Fair,3000,750
Baggit,Men's Outerwear,Like New,4700,3350
Toteme,Women's Dresses,Like New,25900,14500
Abu Jani Sandeep Khosla,Men's Outerwear,Good,89700,44950
Abu Jani Sandeep Khosla,Women's Sets,Good,56900,24100
Mango,Women's Traditional,Good,2300,1250
H&M,Women's Traditional,New with tags,1100,950
Steve Madden,Women's Bottoms,Fair,9500,2200
Toteme,Women's Tops,Good,15500,6450
Anamika Khanna,Footwear,Like New,22600,13750
Only,Women's Dresses,Good,900,350
Anamika Khanna,Women's Outerwear,Good,17600,7800
Abu Jani Sandeep Khosla,Men's Tops,Like New,84400,46450
Aurelia,Footwear,Good,2100,1000
Anita Dongre,Women's Tops,Like New,23700,12450
Sangria,Women's Sets,Fair,3100,900
Under Armour,Women's Outerwear,Fair,5800,1650
Aldo,Men's Outerwear,Like New,2700,2000
Peter England,Women's Outerwear,Well Loved,3200,400
Levi's,Men's Formal,Fair,4300,1100
Peter England,Women's Traditional,Like New,2500,1750
Vans,Women's Traditional,Like New,4600,2950
Tribe Amrapali,Men's Bottoms,Good,4300,1700
Uniqlo,Women's Tops,New with tags,2400,1850
Allen Solly,Women's Traditional,Fair,2200,550
Converse,Women's Tops,Like New,4600,2700
Acne Studios,Women's Dresses,New with tags,32100,23100
Acne Studios,Men's Bottoms,Good,48700,15750
Shantanu & Nikhil,Women's Outerwear,Well Loved,14800,2250
Calvin Klein,Men's Tops,Well Loved,3700,450
W,Women's Tops,Good,2900,1150
Toteme,Women's Outerwear,Good,11300,5800
Sabyasachi,Women's Tops,Good,134600,54850
Anamika Khanna,Women's Traditional,Like New,30900,19800
Anita Dongre,Women's Bottoms,New with tags,38700,29250
Under Armour,Footwear,New with tags,4000,3200
Acne Studios,Women's Tops,Fair,13000,2700
Reebok,Women's Tops,Like New,4700,2400
Rangmanch,Women's Traditional,Like New,4400,2750
Nanushka,Women's Bottoms,New with tags,15700,12950
Zara,Men's Tops,New with tags,3900,2600
V-Mart,Men's Bottoms,Fair,400,100
Levi's,Women's Bottoms,Like New,4000,2150
Tribe Amrapali,Bags,Like New,3100,2100
Under Armour,Men's Formal,Like New,3700,2200
Chemistry,Women's Traditional,Fair,1800,500
Lacoste,Women's Bottoms,Good,8300,3400
Thrift,Bags,Like New,1200,850
Clarks,Women's Bottoms,Good,8900,3600
Charles & Keith,Women's Outerwear,Fair,3100,1050
Rangmanch,Women's Traditional,Like New,4400,3100
Ritu Wear,Accessories,Like New,3300,1650
Only,Women's Traditional,Like New,2800,1950
Rangmanch,Men's Formal,Good,1600,800
New Balance,Bags,Like New,11500,7850
Monte Carlo,Women's Sets,Good,4700,1900
Max,Women's Sets,Like New,900,600
Ritu Wear,Women's Dresses,Good,3700,1350
W,Men's Formal,Good,3000,1250
Hidesign,Women's Outerwear,Like New,14500,9850
Vero Moda,Women's Bottoms,Good,3000,1150
Reformation,Women's Outerwear,Good,18900,9900
Arrow,Men's Outerwear,New with tags,1700,1530
Chemistry,Women's Tops,Like New,3700,2400
Anju Modi,Women's Tops,New with tags,25500,19150
Westside,Men's Tops,Fair,3200,800
V-Mart,Women's Traditional,Good,950,450
Nanushka,Women's Traditional,Like New,13400,7900
Adidas,Women's Traditional,Like New,7300,5200
Zara,Women's Outerwear,Like New,2000,1550
Calvin Klein,Women's Traditional,Good,7100,3500
Mango,Women's Sets,Good,7800,3700
Vans,Women's Tops,Like New,6100,3800
ARKET,Women's Bottoms,Like New,16800,10850
Anju Modi,Men's Tops,Good,22500,9150
Hidesign,Women's Bottoms,Like New,5800,3250
Calvin Klein,Women's Outerwear,Fair,3800,1100
Sangria,Men's Tops,Fair,800,200
Charles & Keith,Women's Bottoms,Like New,5600,3800
Levi's,Bags,Like New,7700,5500
Arrow,Men's Outerwear,Like New,4700,3900
Anatomy,Men's Tops,New with tags,5000,3400
Rangmanch,Women's Tops,Like New,3600,2300
Abu Jani Sandeep Khosla,Women's Tops,Like New,92900,57800
Ralph Lauren,Women's Dresses,Fair,11300,2500
Arrow,Jewelry,Fair,1500,350
Converse,Women's Tops,Well Loved,7000,900
Under Armour,Women's Outerwear,Like New,2900,1850
Anamika Khanna,Women's Traditional,Good,26500,12650
No Brand,Women's Tops,Well Loved,550,100
Acne Studios,Men's Formal,Fair,42000,10550
Acne Studios,Women's Sets,Like New,44200,24050
Pantaloons,Men's Tops,New with tags,3900,3100
Anju Modi,Women's Outerwear,Like New,26300,19400
Reebok,Women's Tops,Good,5300,2300
Forever 21,Women's Traditional,Good,2300,1000
Reliance Trends,Women's Tops,Good,1950,700
Vans,Men's Tops,Like New,7900,4300
Adidas,Women's Bottoms,Good,2700,950
Steve Madden,Women's Tops,Like New,5300,3250
Zara,Women's Traditional,Like New,2900,1800
Skechers,Women's Bottoms,Good,6600,2600
Jaypore,Women's Outerwear,Fair,1600,500
Local Brand,Men's Bottoms,Like New,1100,650
Reliance Trends,Women's Outerwear,Good,1900,750
Amrapali,Women's Tops,Well Loved,14900,1750
Rangmanch,Women's Bottoms,Like New,3000,2100
Zara,Women's Traditional,Fair,4500,1100
Jaypore,Women's Traditional,New with tags,3800,2900
Ritu Kumar,Women's Tops,Fair,21700,5200
Sabyasachi,Jewelry,Like New,145500,114400
Aldo,Women's Tops,Good,4900,2300
Sabyasachi,Accessories,Well Loved,108800,11600
New Balance,Jewelry,Fair,5900,1250
Westside,Women's Traditional,Like New,3000,2100
Tommy Hilfiger,Women's Tops,Like New,4300,2250
Manish Malhotra,Women's Dresses,Good,135300,55250
Reliance Trends,Women's Sets,Like New,400,250
Peter England,Women's Bottoms,Good,1200,500
ARKET,Bags,Like New,5400,4200
Mango,Women's Outerwear,Fair,5100,1400
Louis Philippe,Women's Sets,Well Loved,1500,250
Jaypore,Bags,Good,1500,750
Abu Jani Sandeep Khosla,Women's Tops,Good,89600,30050
Vintage,Women's Outerwear,Fair,0,1100
Under Armour,Footwear,Like New,6600,4100
Aldo,Women's Outerwear,Good,6900,3450
Toteme,Women's Sets,Like New,26000,19100
Hidesign,Women's Tops,Like New,9500,6250
Abu Jani Sandeep Khosla,Men's Tops,Like New,69100,42850
Acne Studios,Women's Bottoms,Good,39600,16000
Steve Madden,Men's Outerwear,Like New,7000,4600
Skechers,Bags,Well Loved,6800,1000
Tarun Tahiliani,Women's Dresses,Like New,84000,59400
Reliance Trends,Accessories,Good,500,200
Allen Solly,Men's Tops,Good,1300,400
Under Armour,Women's Traditional,Like New,4700,3100
Ritu Kumar,Women's Tops,Like New,16700,8700
Monte Carlo,Women's Tops,Good,3200,1100
Tarun Tahiliani,Women's Dresses,Like New,96400,56850
V-Mart,Men's Formal,Like New,650,450
Zara,Women's Outerwear,Fair,900,200
Reformation,Footwear,Like New,13100,7050
Shantanu & Nikhil,Women's Traditional,Like New,11000,6950
Aurelia,Men's Tops,Like New,2200,1350
Thrift,Bags,Like New,1300,850
Tommy Hilfiger,Women's Bottoms,Like New,3600,2200
Reformation,Men's Tops,Like New,18200,11200
Shantanu & Nikhil,Women's Outerwear,Good,29900,13500
Nike,Women's Tops,Fair,6800,1750
Vintage,Men's Tops,Good,0,250
Nanushka,Men's Outerwear,New with tags,10800,9720
Lacoste,Footwear,Like New,6400,3900
Reliance Trends,Women's Bottoms,Fair,1750,450
FabIndia,Men's Bottoms,Well Loved,1600,150
Ritu Kumar,Women's Outerwear,Fair,25700,5650
Only,Women's Tops,Good,1200,400
Amrapali,Men's Tops,Good,11300,3900
Tarun Tahiliani,Women's Bottoms,Good,64000,21500
AND,Women's Traditional,Good,3400,1550
Amrapali,Women's Outerwear,Good,3000,1600
Reformation,Women's Bottoms,Like New,21300,15100
Nanushka,Men's Bottoms,New with tags,17100,12850
Park Avenue,Men's Bottoms,Like New,3000,1650
Clarks,Women's Traditional,Fair,4500,1250
Uniqlo,Men's Tops,Good,1400,450
Anatomy,Women's Traditional,Good,2600,1000
Westside,Men's Tops,Fair,700,150
Peter England,Women's Tops,Good,1800,700
Anamika Khanna,Men's Outerwear,Good,13800,6350
Aurelia,Women's Traditional,Good,4700,1950
Accessorize,Men's Tops,Like New,1400,800
& Other Stories,Women's Dresses,Good,4300,1750
Allen Solly,Men's Bottoms,Good,3000,1100
Shantanu & Nikhil,Women's Outerwear,Like New,16400,9650
Clarks,Women's Traditional,Like New,11200,7900
Ralph Lauren,Footwear,Good,6100,2400
Local Brand,Men's Tops,Good,850,300
Accessorize,Men's Bottoms,Good,1500,600
Anatomy,Women's Traditional,Good,4500,1850
Louis Philippe,Women's Tops,New with tags,6600,4600
Ritu Wear,Men's Outerwear,Like New,4700,3150
Hidesign,Footwear,Like New,16900,12450
Reebok,Bags,Like New,5900,4300
Jaypore,Men's Tops,Like New,6300,4100
Aldo,Women's Dresses,Good,5700,2050
Max,Women's Outerwear,Like New,700,500
Reebok,Women's Tops,Like New,2200,1300
Park Avenue,Bags,Fair,1900,600
Toteme,Men's Bottoms,Fair,27800,6400
Reebok,Men's Bottoms,Good,4700,1750
New Balance,Men's Formal,New with tags,10200,9180
Amrapali,Footwear,Like New,16400,10450
Peter England,Jewelry,Good,3500,1700
Adidas,Footwear,Well Loved,7000,1050
Amrapali,Women's Tops,Good,14900,4700
Charles & Keith,Men's Tops,Good,3100,1200
Reformation,Men's Bottoms,Like New,19000,12300
Sangria,Men's Tops,Like New,900,550
ASOS,Women's Tops,Like New,3400,2250
Allen Solly,Women's Traditional,New with tags,1500,1350
Ralph Lauren,Women's Tops,Well Loved,5700,900
Converse,Women's Dresses,Like New,5200,3500
Arrow,Women's Bottoms,Well Loved,2200,350
Tribe Amrapali,Women's Tops,Fair,2700,750
Rangmanch,Women's Dresses,Fair,1300,250
Under Armour,Men's Tops,Like New,7500,4950
Local Brand,Women's Tops,Good,850,350
Anita Dongre,Women's Tops,Like New,16400,10450
Sangria,Bags,Like New,3400,2750
Anamika Khanna,Women's Tops,Like New,21100,13500
Louis Philippe,Men's Bottoms,Fair,5700,1200
Louis Philippe,Men's Bottoms,Good,6400,2500
Payal Singhal,Women's Tops,New with tags,11300,8450
Van Heusen,Women's Outerwear,Good,5200,2400
COS,Women's Bottoms,Good,9300,3600
Anita Dongre,Women's Bottoms,Good,8400,3800
Reebok,Women's Traditional,Good,4200,2100
Rohit Bal,Women's Tops,Well Loved,27000,4450
COS,Women's Traditional,Good,11600,5150
COS,Women's Traditional,Like New,9700,7350
Allen Solly,Accessories,Like New,3900,2250
ASOS,Women's Outerwear,Fair,2900,800
Payal Singhal,Women's Traditional,New with tags,13100,11790
Park Avenue,Women's Bottoms,Like New,2900,1800
Vero Moda,Women's Outerwear,Good,3700,1850
Clarks,Women's Sets,Good,10000,3650
Rangmanch,Men's Tops,New with tags,4600,3300
Ritu Kumar,Women's Tops,Like New,25500,16100
Baggit,Men's Tops,Like New,5100,2700
Van Heusen,Women's Outerwear,Like New,5200,3750
Forever 21,Women's Sets,Fair,1400,350
Masaba Gupta,Women's Bottoms,Like New,15400,9950
Steve Madden,Women's Tops,Good,8700,3400
Sangria,Bags,Like New,3100,1950
Hidesign,Women's Sets,Good,6700,2850
W,Footwear,Well Loved,1400,250
Nanushka,Women's Outerwear,Good,19100,8950
Sabyasachi,Men's Outerwear,New with tags,113600,90750
Reformation,Men's Bottoms,Like New,11300,6750
Anita Dongre,Women's Outerwear,Good,35200,17500
Westside,Women's Tops,Good,3700,1550
& Other Stories,Men's Tops,Good,8500,3300
Forever 21,Women's Outerwear,Like New,3200,2000
V-Mart,Men's Bottoms,Like New,1300,800
Tarun Tahiliani,Women's Tops,Good,47900,23000
Nanushka,Jewelry,Like New,24000,15150
Uniqlo,Bags,Like New,6000,4450
Clarks,Jewelry,Good,7400,3050
Clarks,Women's Traditional,Fair,6300,1950
Shantanu & Nikhil,Footwear,Like New,28100,15500
Ralph Lauren,Women's Traditional,New with tags,5500,4950
Levi's,Men's Tops,Fair,8400,2150
Levi's,Women's Bottoms,Like New,5800,3350
Anju Modi,Men's Tops,Like New,20100,10300
Nine West,Women's Traditional,Well Loved,7300,1450
Ritu Wear,Men's Formal,Good,3300,1450
Anju Modi,Bags,Well Loved,22900,3850
Jaypore,Women's Tops,Good,3300,1250
No Brand,Footwear,Well Loved,650,100
Rohit Bal,Men's Tops,Fair,61200,11400
Anita Dongre,Women's Tops,Good,20100,6350
Abu Jani Sandeep Khosla,Women's Sets,Like New,44600,29650
Rangmanch,Bags,Like New,1100,800
Steve Madden,Women's Outerwear,Good,7600,3450
Uniqlo,Men's Outerwear,New with tags,1200,1080
Louis Philippe,Men's Outerwear,Good,1900,800
Sabyasachi,Men's Outerwear,Like New,172700,121450
Charles & Keith,Women's Outerwear,Well Loved,2900,500
Zara,Men's Tops,New with tags,6900,4650
Hidesign,Men's Tops,Like New,5400,3150
Park Avenue,Footwear,New with tags,5000,4500
Vero Moda,Women's Dresses,Like New,5900,3700
W,Footwear,Well Loved,4800,850
Hidesign,Women's Tops,Fair,20000,3900
Peter England,Bags,Good,3200,1350
Anatomy,Bags,Good,3400,1350
Monte Carlo,Women's Sets,Like New,2200,1500
Westside,Jewelry,Fair,1700,400
Rangmanch,Men's Outerwear,Good,3700,1550
Aurelia,Men's Formal,Like New,3000,1950
Steve Madden,Women's Traditional,Good,7700,3100
Aurelia,Footwear,Fair,1500,400
Tommy Hilfiger,Women's Bottoms,Good,7000,3100
Sangria,Men's Tops,Like New,2800,1450
Skechers,Women's Bottoms,Good,6000,2700
Reliance Trends,Women's Tops,Like New,1350,850
COS,Women's Tops,Like New,9200,5400
Reliance Trends,Men's Formal,Like New,450,350
Amrapali,Bags,Good,8400,4700
Converse,Women's Tops,Good,7500,3100
Peter England,Women's Sets,Good,3900,1700
FabIndia,Men's Formal,Like New,1400,850
ARKET,Men's Formal,Like New,10600,6700
Ritu Kumar,Women's Tops,Good,12300,5200
Allen Solly,Bags,Good,5500,2400
Anita Dongre,Men's Tops,Good,32800,11250
COS,Men's Bottoms,Like New,11000,5950
Rohit Bal,Women's Dresses,Like New,66500,40050
Local Brand,Women's Outerwear,Well Loved,550,100
Levi's,Men's Outerwear,Good,2600,1000
Anatomy,Men's Tops,New with tags,1400,950
Ritu Wear,Men's Tops,Good,3400,1350
Steve Madden,Women's Traditional,Fair,7400,2500
Skechers,Women's Dresses,Fair,3000,750
Aurelia,Bags,Well Loved,2300,350
Anatomy,Women's Bottoms,Fair,3100,700
Vans,Women's Bottoms,Like New,4600,2750
Vero Moda,Footwear,Well Loved,4300,650
Van Heusen,Women's Bottoms,Fair,2500,500
Charles & Keith,Men's Tops,Well Loved,6800,1050
Only,Men's Formal,Like New,4900,3450
Steve Madden,Women's Bottoms,Fair,8700,2100
Sabyasachi,Bags,Well Loved,90100,12400
H&M,Men's Bottoms,Good,1400,550
Clarks,Footwear,Fair,12000,3650
Rohit Bal,Women's Outerwear,Fair,68500,16600
Rohit Bal,Women's Sets,Good,47000,20050
Anita Dongre,Women's Traditional,Like New,37400,28600
Sangria,Women's Tops,Good,1500,700
No Brand,Women's Outerwear,Good,1100,650
Sabyasachi,Women's Bottoms,Well Loved,54800,6150
Global Desi,Women's Tops,New with tags,2600,1800
AND,Women's Tops,Like New,5600,3150
Payal Singhal,Women's Tops,Good,11800,5150
Charles & Keith,Men's Outerwear,Fair,6500,1950
Shantanu & Nikhil,Men's Outerwear,Fair,10700,2750
Max,Women's Tops,Well Loved,800,100
Aldo,Women's Tops,Good,6200,2950
Global Desi,Women's Tops,New with tags,4600,3250
Global Desi,Women's Outerwear,Like New,2200,1600
Ritu Kumar,Men's Outerwear,Fair,21000,5850
Shantanu & Nikhil,Women's Traditional,Well Loved,16200,2650
Hidesign,Men's Tops,Good,18800,6950
Arrow,Men's Formal,Like New,2200,1400
Nanushka,Men's Formal,Good,26400,11050
Calvin Klein,Men's Bottoms,Like New,4600,2450
Nine West,Women's Dresses,Good,7700,2950
No Brand,Men's Tops,New with tags,750,600
Steve Madden,Women's Tops,Fair,9500,2600
Forever 21,Men's Bottoms,Well Loved,1700,150
V-Mart,Men's Outerwear,Good,1400,650
Only,Women's Traditional,Good,1200,550
Nike,Men's Outerwear,Fair,6200,2000
Puma,Women's Dresses,Fair,1700,350
Reformation,Women's Traditional,Fair,14800,4250
Reformation,Women's Sets,Fair,12000,2600
Jaypore,Men's Bottoms,Good,4400,1550
Under Armour,Women's Outerwear,New with tags,3700,3330
Allen Solly,Men's Formal,Like New,2600,1750
Hidesign,Footwear,New with tags,4600,3650
Thrift,Women's Dresses,Like New,1050,600
Thrift,Women's Tops,Good,800,350
AND,Men's Outerwear,Well Loved,2900,350
Vero Moda,Women's Tops,Good,4700,2000
Vintage,Women's Bottoms,New with tags,0,2550
Skechers,Women's Traditional,Good,4900,2400
FabIndia,Women's Tops,Good,3600,1300
Global Desi,Men's Formal,Fair,8600,2100
Masaba Gupta,Women's Bottoms,Like New,5200,3050
Tribe Amrapali,Men's Bottoms,Good,5700,2000
Marks & Spencer,Men's Bottoms,Like New,3800,2100
Chemistry,Women's Traditional,Fair,900,250
Manish Malhotra,Men's Tops,Good,62600,24300
Global Desi,Women's Outerwear,New with tags,7500,6750
Arrow,Women's Dresses,New with tags,5500,4750
Biba,Women's Bottoms,New with tags,5500,4000
Tribe Amrapali,Women's Tops,Good,2700,900
Peter England,Women's Bottoms,Fair,1400,400
Anamika Khanna,Footwear,Good,25200,12100
Hidesign,Women's Traditional,New with tags,12600,11340
Accessorize,Jewelry,Fair,2600,700
Puma,Men's Tops,Good,2300,750
Shantanu & Nikhil,Women's Bottoms,Good,29100,14550
W,Women's Tops,Like New,3700,2100
Park Avenue,Men's Formal,Like New,2100,1400
Shantanu & Nikhil,Men's Bottoms,Fair,23800,4500
Vans,Women's Traditional,Well Loved,5400,800
Global Desi,Women's Outerwear,Fair,6600,1850
Steve Madden,Women's Traditional,Fair,8700,2650
Chemistry,Women's Traditional,Like New,2300,1550
Nanushka,Men's Bottoms,Fair,17000,4350
Abu Jani Sandeep Khosla,Women's Traditional,Good,62100,28600
Louis Philippe,Women's Traditional,Like New,8000,4750
Adidas,Men's Tops,Well Loved,4000,600
Lacoste,Women's Dresses,Like New,6200,3950
Anamika Khanna,Men's Outerwear,Like New,12000,8450
COS,Women's Traditional,Like New,6500,5100
Only,Women's Bottoms,Well Loved,1900,200
Reebok,Women's Traditional,Well Loved,3600,550
Tarun Tahiliani,Women's Bottoms,Good,101200,34150
Arrow,Women's Bottoms,Good,5600,2250
Shantanu & Nikhil,Men's Bottoms,Good,12900,5950
Local Brand,Women's Tops,Good,1000,350
Hidesign,Women's Outerwear,New with tags,8200,7380
Reformation,Women's Sets,New with tags,15700,11750
Accessorize,Women's Tops,Like New,900,550
Rangmanch,Men's Tops,Fair,2900,700
Allen Solly,Men's Tops,Fair,3500,750
Vintage,Men's Tops,Like New,0,2500
ARKET,Women's Bottoms,Fair,15300,4200
Acne Studios,Women's Sets,Good,15900,8500
Forever 21,Women's Tops,Like New,3300,2300
Reebok,Women's Traditional,Like New,7000,4150
Local Brand,Women's Traditional,Well Loved,1550,200
Only,Women's Tops,Good,3400,1400
Chemistry,Women's Tops,Good,4100,1750
No Brand,Men's Tops,Fair,200,100
Anita Dongre,Women's Tops,Like New,34300,20200
Anatomy,Women's Outerwear,Fair,3700,850
Mango,Women's Traditional,Like New,8600,5650
Louis Philippe,Women's Outerwear,Good,6400,2850
Masaba Gupta,Women's Bottoms,Good,17000,7150
Under Armour,Women's Dresses,Like New,4500,3350
Local Brand,Footwear,Good,1550,700
Marks & Spencer,Men's Tops,Like New,7400,4850
COS,Women's Traditional,Like New,13200,8700
Monte Carlo,Footwear,New with tags,3900,3510
Nine West,Men's Formal,Fair,8400,2300
Zara,Men's Bottoms,Like New,1100,650
Max,Women's Sets,Like New,600,400
Nine West,Women's Outerwear,New with tags,5300,4770
Manish Malhotra,Footwear,Fair,105800,29750
Vintage,Women's Tops,Good,0,1500
Thrift,Women's Dresses,Like New,550,350
V-Mart,Men's Tops,Like New,400,250
Mango,Women's Outerwear,Well Loved,9300,1400
Payal Singhal,Footwear,Like New,19700,12100
Abu Jani Sandeep Khosla,Women's Traditional,Like New,63500,39750
Manish Malhotra,Men's Bottoms,Like New,54600,27650
New Balance,Women's Tops,Good,12900,5250
Masaba Gupta,Women's Traditional,Well Loved,8700,1100
Manish Malhotra,Women's Tops,Good,111400,40100
Converse,Men's Bottoms,Good,7300,2900
Abu Jani Sandeep Khosla,Women's Bottoms,Like New,86600,48700
Local Brand,Women's Outerwear,Like New,1350,900
Van Heusen,Women's Traditional,New with tags,2800,2250
Max,Women's Outerwear,Like New,1100,850
Payal Singhal,Footwear,Good,13000,5650
Skechers,Jewelry,Good,5900,2850
Ritu Wear,Men's Formal,Good,7700,3150
Reebok,Women's Traditional,Good,2500,1300
Rohit Bal,Men's Tops,Like New,51400,29850
Vero Moda,Women's Sets,Fair,3800,900
Anju Modi,Women's Sets,New with tags,8500,7650
Mango,Men's Tops,New with tags,6700,5200
Toteme,Women's Outerwear,Good,13700,5650
Lacoste,Women's Dresses,Like New,8100,4600
Allen Solly,Women's Dresses,Like New,2300,1350
Louis Philippe,Women's Traditional,Well Loved,3200,350
Jaypore,Men's Outerwear,Like New,2900,2000
Vintage,Bags,Good,0,800
Tarun Tahiliani,Women's Sets,Like New,117800,83400
Allen Solly,Men's Outerwear,Well Loved,4100,800
Manish Malhotra,Women's Bottoms,Good,139500,61050
Skechers,Women's Bottoms,Good,7100,2750
Aldo,Women's Traditional,Fair,5400,1300
No Brand,Women's Outerwear,Like New,700,550
Adidas,Men's Bottoms,Good,4700,1950
Forever 21,Women's Traditional,Good,2600,1150
COS,Women's Traditional,Fair,11100,3750
Forever 21,Women's Sets,New with tags,1500,1150
Abu Jani Sandeep Khosla,Accessories,Like New,66700,41900
Biba,Women's Tops,Like New,6000,3750
Sabyasachi,Men's Tops,New with tags,157800,102300
Acne Studios,Women's Traditional,Good,21900,11550
Levi's,Women's Outerwear,Like New,8800,6650
Forever 21,Women's Sets,Like New,3600,2400
Tarun Tahiliani,Men's Tops,Fair,69700,18200
Charles & Keith,Women's Dresses,Like New,3400,2450
Lacoste,Men's Outerwear,Good,8700,4400
Under Armour,Men's Outerwear,Like New,7800,5600
Steve Madden,Women's Dresses,Fair,10000,2250
Tribe Amrapali,Footwear,Like New,8900,5350
Clarks,Women's Dresses,Like New,5600,4000
Anita Dongre,Men's Tops,Like New,24400,13950
Shantanu & Nikhil,Women's Tops,New with tags,28600,22500
Local Brand,Women's Outerwear,Well Loved,1200,150
Chemistry,Men's Formal,Like New,4000,2700
Louis Philippe,Women's Traditional,Good,7300,3200
Anita Dongre,Bags,Fair,14900,3650
Local Brand,Women's Bottoms,Good,1200,550
Charles & Keith,Women's Tops,New with tags,8800,6500
Only,Women's Tops,Good,3900,1500
& Other Stories,Footwear,Like New,12600,9050
Lacoste,Men's Tops,Fair,7900,2050
Reebok,Men's Tops,Good,6500,2750
Baggit,Men's Outerwear,Like New,3500,2500
New Balance,Men's Tops,Good,13500,5850
Nanushka,Women's Sets,Fair,18400,4450
Abu Jani Sandeep Khosla,Accessories,Fair,63300,13700
Adidas,Women's Tops,Fair,2000,550
FabIndia,Women's Tops,Good,3000,1000
Westside,Men's Bottoms,Good,1200,450
Rohit Bal,Men's Tops,New with tags,71800,57500
Amrapali,Women's Traditional,Fair,5600,1750
AND,Women's Bottoms,Well Loved,7400,1050
Clarks,Women's Outerwear,Like New,5200,4250
Forever 21,Jewelry,Good,3700,1550
Rohit Bal,Women's Bottoms,New with tags,80000,57600
Clarks,Men's Outerwear,Good,9900,4450
Shantanu & Nikhil,Men's Tops,Fair,21600,4950
Reebok,Jewelry,New with tags,2100,1850
Biba,Men's Outerwear,Like New,3600,2350
Biba,Women's Traditional,New with tags,4900,4400
Sabyasachi,Women's Outerwear,Good,135500,65700
Ritu Wear,Women's Dresses,Like New,6100,4200
Amrapali,Women's Traditional,Well Loved,13000,1550
Payal Singhal,Women's Bottoms,Like New,11100,6850
Max,Men's Bottoms,Good,2300,950
Accessorize,Men's Tops,Good,2000,750
Masaba Gupta,Women's Outerwear,Like New,6800,4250
Baggit,Women's Outerwear,Fair,2100,550
W,Men's Bottoms,Good,1700,700
Toteme,Women's Tops,Like New,16600,10250
Calvin Klein,Footwear,Like New,8800,6450
Shantanu & Nikhil,Women's Dresses,Fair,26900,7450
Anatomy,Women's Traditional,New with tags,1200,1000
Chemistry,Men's Tops,New with tags,2100,1450
Only,Men's Bottoms,Good,1100,400
Louis Philippe,Men's Bottoms,Like New,2600,1450
Skechers,Women's Outerwear,Good,5900,3050
Anamika Khanna,Footwear,Well Loved,26200,3400
Allen Solly,Men's Formal,Well Loved,1700,250
Lacoste,Women's Bottoms,Like New,12500,7400
Max,Women's Tops,Fair,2000,600
Park Avenue,Women's Tops,Like New,3000,1800
Lacoste,Women's Outerwear,Like New,10900,8500
Steve Madden,Accessories,Fair,8900,1900
Payal Singhal,Women's Dresses,Like New,25900,17600
Converse,Men's Bottoms,New with tags,4600,3550
Jaypore,Women's Bottoms,New with tags,1600,1150
Puma,Women's Outerwear,Good,4300,1950
Anita Dongre,Men's Tops,Fair,21000,4750
Reebok,Women's Outerwear,Like New,6100,4600
Puma,Women's Outerwear,Fair,1900,600
Local Brand,Women's Sets,Like New,1700,1200
AND,Women's Bottoms,Like New,6500,4700
COS,Women's Tops,Well Loved,14100,2300
Tribe Amrapali,Men's Tops,New with tags,1900,1550
Louis Philippe,Men's Tops,Like New,3100,1700
Park Avenue,Women's Tops,Fair,5600,1050
Anatomy,Women's Outerwear,Good,1500,850
Sangria,Men's Bottoms,Well Loved,800,100
Max,Men's Outerwear,Good,2000,850
Nanushka,Men's Tops,Good,28400,11550
Toteme,Men's Bottoms,Good,21400,8000
Abu Jani Sandeep Khosla,Women's Tops,Good,62400,27500
V-Mart,Women's Dresses,Like New,1250,900
Reformation,Men's Tops,New with tags,13700,11100
Under Armour,Men's Tops,Good,7600,3150
Reformation,Footwear,Well Loved,14800,2150
Peter England,Women's Tops,Fair,3500,750
FabIndia,Men's Formal,Fair,2400,700
Reliance Trends,Accessories,New with tags,1350,800
Chemistry,Accessories,Good,2000,750
Levi's,Women's Tops,Well Loved,4600,700
Nanushka,Women's Bottoms,Good,20100,8950
Tribe Amrapali,Women's Outerwear,Good,8300,4400
Anamika Khanna,Women's Bottoms,Good,10600,4900
Nanushka,Men's Formal,New with tags,10900,9550
Mango,Women's Sets,New with tags,3700,3000
Biba,Footwear,New with tags,4500,3700
Levi's,Women's Outerwear,Fair,7200,2350
Skechers,Men's Bottoms,Good,7700,2900
No Brand,Men's Bottoms,Like New,650,350
Jaypore,Women's Bottoms,Good,5000,2300
H&M,Women's Traditional,Good,3800,1550
Aurelia,Women's Dresses,Fair,1900,500
Louis Philippe,Men's Bottoms,Like New,6700,3950
No Brand,Footwear,Like New,850,600
Tommy Hilfiger,Women's Dresses,Like New,7800,4800
Louis Philippe,Women's Bottoms,Like New,2900,1750
AND,Women's Traditional,Fair,6500,2000
H&M,Men's Tops,Good,2900,1050
Peter England,Women's Bottoms,Well Loved,3100,450
Westside,Women's Outerwear,New with tags,1800,1620
Skechers,Footwear,Good,6400,2650
Chemistry,Men's Bottoms,Good,2700,1000
Payal Singhal,Men's Bottoms,Like New,17600,11800
Tommy Hilfiger,Women's Traditional,Like New,4100,2700
V-Mart,Men's Tops,Good,650,250
Reebok,Women's Tops,Like New,5000,2650
Rangmanch,Women's Traditional,Good,1900,1000
Anita Dongre,Women's Sets,Like New,31600,19300
ARKET,Women's Traditional,Like New,5500,3800
Westside,Men's Tops,Like New,3700,2000
Arrow,Men's Outerwear,Like New,4900,3500
H&M,Women's Sets,Good,2600,1100
Anita Dongre,Bags,Fair,36000,10850
Levi's,Women's Bottoms,Like New,2500,1550
Hidesign,Women's Traditional,Like New,16700,11300
Baggit,Women's Tops,Like New,2300,1200
Clarks,Women's Sets,Fair,3800,1100
New Balance,Bags,Fair,8600,2550
Anita Dongre,Men's Tops,Fair,20600,5350
Vintage,Women's Sets,Like New,0,2600
Global Desi,Women's Traditional,Fair,9400,2300
Ritu Kumar,Women's Bottoms,New with tags,27100,20300
Marks & Spencer,Women's Sets,Fair,5900,1650
Peter England,Women's Tops,Well Loved,2000,250
Reliance Trends,Women's Traditional,Good,1200,500
Biba,Women's Sets,Fair,1100,250
Sangria,Men's Tops,Well Loved,2700,250
Amrapali,Women's Tops,Good,14700,6000
Reliance Trends,Men's Outerwear,Like New,1500,1000
Arrow,Women's Bottoms,Fair,4800,1200
Max,Women's Traditional,Good,1300,550
Rohit Bal,Women's Dresses,Like New,41700,27700
Levi's,Men's Tops,Like New,8900,5000
Anatomy,Women's Tops,Fair,4200,800
Sabyasachi,Men's Formal,Like New,139900,98150
Steve Madden,Women's Outerwear,Like New,4500,3250
Anita Dongre,Men's Tops,Like New,38400,22200
Charles & Keith,Men's Bottoms,Good,4200,1850
Aldo,Men's Tops,Good,3500,1450
Chemistry,Women's Outerwear,Like New,1500,1150
Baggit,Women's Outerwear,Like New,2600,1900
Vintage,Men's Tops,Like New,0,2850
Global Desi,Women's Sets,Fair,7200,2150
Global Desi,Women's Dresses,Good,8600,3500
H&M,Women's Traditional,Like New,4100,3100
& Other Stories,Men's Bottoms,Like New,6000,3750
Vans,Women's Traditional,Like New,5600,4000
ASOS,Men's Tops,New with tags,3800,2850
Clarks,Accessories,Like New,6500,3250
Ritu Kumar,Women's Dresses,Like New,28500,18700
Rohit Bal,Women's Tops,New with tags,58500,39800
W,Women's Outerwear,Good,4200,1600
Rohit Bal,Bags,Good,68500,26350
Arrow,Women's Traditional,Good,5700,2600
Aurelia,Footwear,Like New,3900,2700
Steve Madden,Men's Tops,Fair,9500,2050
Clarks,Women's Outerwear,Like New,7100,5350
FabIndia,Men's Bottoms,Good,1100,350
Park Avenue,Women's Dresses,Like New,1600,1050
COS,Men's Bottoms,Good,4800,1750
Puma,Women's Bottoms,Good,6900,2550
Hidesign,Women's Outerwear,Good,15600,7800
Payal Singhal,Bags,Like New,27200,18950
Manish Malhotra,Men's Tops,Well Loved,114100,11900
Forever 21,Men's Formal,Good,1100,500
AND,Women's Bottoms,Well Loved,4400,700
No Brand,Bags,Good,1000,400
Allen Solly,Women's Traditional,Well Loved,1700,300
Uniqlo,Men's Outerwear,Like New,2400,1650
Tommy Hilfiger,Men's Outerwear,New with tags,4000,3600
Sangria,Men's Outerwear,Like New,1800,1250
Reebok,Women's Traditional,Like New,5000,3300
Marks & Spencer,Women's Bottoms,Good,3600,1250
Allen Solly,Women's Tops,Fair,3800,1100
AND,Women's Tops,Like New,4700,2500
AND,Women's Tops,Like New,7600,4200
No Brand,Women's Bottoms,Fair,900,250
Park Avenue,Men's Bottoms,Like New,3600,1900
Nanushka,Women's Bottoms,Well Loved,14500,1800
Skechers,Women's Bottoms,New with tags,3000,2150
Levi's,Footwear,New with tags,2500,2250
Converse,Women's Traditional,Good,6800,2700
Accessorize,Women's Traditional,Well Loved,1400,200
Reliance Trends,Women's Traditional,Good,1450,600
Only,Women's Bottoms,New with tags,1400,1100
Allen Solly,Women's Traditional,New with tags,2600,2340
Hidesign,Women's Tops,Fair,14700,3250
Under Armour,Men's Outerwear,Like New,4600,3200
Shantanu & Nikhil,Women's Traditional,Like New,32500,24000
Tarun Tahiliani,Women's Traditional,Well Loved,102700,17600
Baggit,Men's Tops,Like New,1700,1150
Local Brand,Women's Traditional,New with tags,1150,1000
Max,Women's Tops,Like New,1500,900
Manish Malhotra,Women's Traditional,Like New,145700,96450
Clarks,Men's Tops,Like New,4700,3150
Rangmanch,Men's Outerwear,Like New,1400,1100
Abu Jani Sandeep Khosla,Women's Sets,Good,55700,20050
Reliance Trends,Women's Bottoms,Fair,1000,200
Vans,Women's Bottoms,Fair,6400,1250
Steve Madden,Footwear,Like New,3600,2550
Tribe Amrapali,Women's Sets,Fair,6800,1700
Shantanu & Nikhil,Women's Outerwear,Well Loved,28700,3800
Mango,Women's Tops,Like New,5700,3650
Sangria,Women's Sets,Well Loved,1800,300
Acne Studios,Women's Dresses,Good,44600,18200
Global Desi,Women's Traditional,Good,2000,850
Nine West,Footwear,Good,3000,1150
Arrow,Men's Outerwear,Fair,4200,1150
Biba,Women's Traditional,Like New,5500,4050
W,Women's Traditional,Good,5300,2050
Puma,Women's Outerwear,Well Loved,6100,1200
W,Men's Tops,Good,2000,700
Steve Madden,Women's Tops,Like New,4800,3200
Biba,Women's Outerwear,Fair,4000,1500
AND,Women's Tops,New with tags,5400,4650
No Brand,Women's Outerwear,Fair,600,200
Arrow,Women's Tops,Like New,1300,700
Accessorize,Women's Tops,Good,3500,1500
Thrift,Men's Bottoms,Like New,800,450
Anita Dongre,Women's Dresses,Well Loved,23100,2850
Converse,Men's Tops,Like New,5000,2750
W,Women's Bottoms,Like New,3800,2150
Abu Jani Sandeep Khosla,Men's Bottoms,Good,72600,27650
Louis Philippe,Men's Formal,Fair,1600,450
Local Brand,Women's Bottoms,Fair,1250,300
Allen Solly,Women's Tops,Like New,3800,2250
ASOS,Footwear,Fair,2600,600
Levi's,Women's Sets,Fair,5100,1250
No Brand,Women's Bottoms,Fair,950,250
Shantanu & Nikhil,Women's Tops,Good,14400,5050
Local Brand,Women's Traditional,Like New,1500,1150
Calvin Klein,Women's Outerwear,Like New,5500,4000
Reformation,Women's Bottoms,Good,11900,4050
Rangmanch,Men's Outerwear,Fair,4300,1350
Aldo,Men's Bottoms,Good,2500,1050
Mango,Women's Outerwear,Good,4600,2400
Anju Modi,Women's Tops,Like New,18100,10200
Tribe Amrapali,Men's Formal,Like New,5500,3700
Park Avenue,Women's Traditional,Well Loved,2400,300
Allen Solly,Men's Outerwear,Like New,2900,2450
Louis Philippe,Men's Outerwear,Like New,7800,6100
Toteme,Women's Traditional,Fair,22000,7550
Peter England,Women's Dresses,Well Loved,2500,250
Charles & Keith,Men's Bottoms,Well Loved,3600,350
Accessorize,Women's Tops,Fair,2700,650
Rangmanch,Accessories,Well Loved,4800,650
Arrow,Men's Outerwear,Good,4900,2300
Anatomy,Women's Bottoms,Fair,1100,300
Sangria,Women's Traditional,Like New,2600,1850
Max,Women's Traditional,Like New,1300,900
Arrow,Women's Sets,New with tags,1200,1050
Lacoste,Women's Dresses,Like New,10800,5650
Tommy Hilfiger,Men's Bottoms,Good,3000,1250
Vans,Women's Traditional,Like New,5300,3800
Payal Singhal,Women's Tops,Fair,14900,3100
Tarun Tahiliani,Men's Bottoms,Like New,69500,41150
Nike,Women's Bottoms,New with tags,8900,6950
AND,Women's Outerwear,Good,8500,3300
Amrapali,Women's Dresses,Good,18300,7500
Park Avenue,Men's Bottoms,New with tags,1400,950
Biba,Accessories,Like New,1800,900
Park Avenue,Women's Outerwear,Good,4200,1800
Ritu Kumar,Men's Bottoms,Good,17900,8650
Toteme,Women's Tops,Like New,11800,6050
Monte Carlo,Women's Bottoms,Fair,2300,550
Sangria,Women's Traditional,New with tags,1600,1350
Accessorize,Women's Sets,Good,2600,1000
Amrapali,Footwear,Fair,4300,1350
ASOS,Women's Tops,Good,4900,2150
W,Women's Outerwear,Fair,6000,2200
Vans,Women's Sets,Good,4600,1900
Global Desi,Men's Tops,Good,6100,2250
Max,Bags,Well Loved,2300,350
Forever 21,Men's Bottoms,Good,1200,450
Puma,Women's Bottoms,Fair,6200,1550
Anatomy,Women's Bottoms,Well Loved,2400,300
Rangmanch,Men's Bottoms,Fair,1800,450
Ritu Kumar,Men's Formal,Good,19700,8650
Park Avenue,Men's Tops,Good,1800,750
Anita Dongre,Men's Tops,Fair,26200,4500
FabIndia,Women's Dresses,Good,1600,700
Nanushka,Women's Tops,Like New,12200,6600
Local Brand,Women's Bottoms,Good,450,250
Masaba Gupta,Footwear,Good,8000,3650
ARKET,Men's Bottoms,Like New,7400,3750
Baggit,Accessories,Like New,3900,2400
Payal Singhal,Women's Dresses,Like New,19400,13000
V-Mart,Women's Dresses,Fair,800,150
Park Avenue,Men's Tops,Fair,5800,1350
Only,Men's Tops,Well Loved,2800,400
FabIndia,Women's Bottoms,Good,5700,2250
Tommy Hilfiger,Men's Bottoms,Good,10000,3350
Uniqlo,Women's Tops,Good,4400,1900
Forever 21,Women's Outerwear,Good,800,400
Reformation,Women's Traditional,Good,22300,10300
Anita Dongre,Men's Bottoms,Like New,28500,16000
Local Brand,Women's Tops,Good,400,200
New Balance,Bags,Like New,6800,5250
Rangmanch,Women's Sets,Like New,4400,3100
Zara,Men's Outerwear,Good,2200,1100
Under Armour,Women's Traditional,Like New,6800,5150
Clarks,Women's Tops,Good,5900,2400
Levi's,Women's Tops,Well Loved,5300,500
Converse,Men's Bottoms,Well Loved,3600,450
W,Women's Bottoms,Like New,2600,1400
Anita Dongre,Women's Tops,Fair,18500,4900
Anju Modi,Women's Traditional,Like New,19300,14300
New Balance,Men's Tops,Good,7500,2700
Vans,Bags,Like New,3800,2450
Amrapali,Men's Formal,Like New,7000,4300
Baggit,Men's Bottoms,New with tags,1500,1250
Global Desi,Footwear,Like New,7800,5100
Nine West,Bags,Well Loved,6700,1050
Anatomy,Men's Formal,Like New,2900,2000
Forever 21,Men's Outerwear,Like New,2400,1950
H&M,Women's Bottoms,Fair,2200,550
Anamika Khanna,Men's Tops,Fair,29400,7950
Steve Madden,Women's Outerwear,New with tags,8500,7650
Reebok,Women's Tops,Like New,3200,1900
FabIndia,Men's Tops,Good,3600,1450
Marks & Spencer,Men's Tops,Good,7400,3000
No Brand,Women's Tops,New with tags,1100,850
Acne Studios,Men's Formal,Fair,34800,9150
Chemistry,Women's Sets,Good,1500,700
Aurelia,Men's Tops,Like New,1800,1000
Van Heusen,Women's Traditional,Good,2900,1400
Only,Bags,New with tags,2300,2050
Under Armour,Jewelry,Fair,5200,1250
Louis Philippe,Women's Tops,Good,2500,1050
Peter England,Women's Tops,Good,3600,1450
W,Women's Bottoms,Like New,900,600
Abu Jani Sandeep Khosla,Bags,Like New,83800,65200
Allen Solly,Men's Bottoms,Good,5900,2300
Global Desi,Accessories,Good,3200,1050
Ritu Wear,Women's Dresses,Good,8600,3500
Only,Women's Traditional,New with tags,3200,2880
Shantanu & Nikhil,Women's Traditional,Like New,9200,7000
Rangmanch,Women's Bottoms,Like New,4700,2400
ASOS,Women's Bottoms,Well Loved,800,100
Global Desi,Women's Traditional,Fair,3300,1050
Accessorize,Men's Outerwear,New with tags,1300,1170
Accessorize,Women's Tops,Fair,3500,700
Accessorize,Men's Tops,New with tags,1000,650
Amrapali,Bags,Like New,8500,6750
Converse,Women's Sets,New with tags,8000,7050
No Brand,Footwear,Fair,750,200
Steve Madden,Women's Dresses,Good,5200,1850
Uniqlo,Men's Outerwear,Fair,2300,600
Abu Jani Sandeep Khosla,Women's Tops,New with tags,45600,32950
Hidesign,Jewelry,Good,19600,8150
Sangria,Women's Sets,Good,1700,750
Ralph Lauren,Women's Dresses,Good,7900,3050
Tribe Amrapali,Women's Bottoms,Like New,4900,2850
Sabyasachi,Women's Bottoms,Like New,65100,40300
Amrapali,Women's Traditional,Good,17500,8150
Jaypore,Women's Tops,Like New,5000,2600
Allen Solly,Men's Formal,Like New,5300,3300
Payal Singhal,Women's Traditional,Good,21600,11600
Marks & Spencer,Women's Sets,Good,5100,2350
V-Mart,Women's Tops,Good,1250,450
Westside,Women's Traditional,Like New,2400,1900
Vans,Women's Outerwear,New with tags,4200,3780
Ralph Lauren,Women's Bottoms,Good,10900,4400
Pantaloons,Women's Bottoms,New with tags,1800,1250
ARKET,Footwear,New with tags,7000,6250
& Other Stories,Bags,Fair,9800,2500
Sabyasachi,Women's Traditional,New with tags,115400,94500
Chemistry,Women's Sets,Fair,3900,1200
V-Mart,Women's Tops,Like New,1450,1000
Reformation,Footwear,Fair,15000,4300
Converse,Women's Tops,New with tags,4700,3350
Payal Singhal,Women's Dresses,Like New,24900,17150
Puma,Women's Tops,Well Loved,6500,850
Reebok,Men's Tops,Good,4700,1500
Rohit Bal,Women's Dresses,Like New,56500,30550
Ritu Wear,Women's Traditional,Like New,7600,4850
Tarun Tahiliani,Women's Bottoms,Like New,103600,64450
Reebok,Women's Traditional,Well Loved,2300,350
Local Brand,Women's Bottoms,New with tags,1400,1000
Biba,Women's Bottoms,Good,4500,2050
Sabyasachi,Men's Tops,Like New,139300,80050
V-Mart,Women's Outerwear,Like New,1050,700
Ritu Wear,Women's Tops,Like New,7200,4000
Payal Singhal,Men's Bottoms,Good,13600,5700
Anju Modi,Men's Tops,New with tags,7600,5500
Under Armour,Women's Outerwear,Fair,3000,700
Adidas,Women's Tops,Like New,3900,2350
Vans,Footwear,Like New,6400,4300
New Balance,Women's Dresses,Good,9200,4000
COS,Women's Tops,New with tags,13800,9600
Anamika Khanna,Women's Traditional,Well Loved,32700,4250
Max,Footwear,Good,2100,1100
ASOS,Women's Dresses,Like New,4500,2850
Vero Moda,Men's Formal,Well Loved,2300,300
New Balance,Women's Outerwear,New with tags,13700,12330
Vero Moda,Women's Traditional,Like New,2100,1400
Sangria,Men's Bottoms,Well Loved,3800,400
Sangria,Jewelry,Good,2900,1500
Jaypore,Women's Bottoms,New with tags,7600,6000
Thrift,Women's Sets,Like New,750,500
ARKET,Bags,Good,13400,5500
W,Women's Bottoms,Good,2400,1050
New Balance,Women's Dresses,Good,6400,3200
Monte Carlo,Men's Outerwear,Fair,2400,650
Vintage,Women's Bottoms,Good,0,1800
Aldo,Men's Bottoms,Well Loved,7800,800
& Other Stories,Footwear,Good,9900,3800
Sabyasachi,Women's Traditional,Good,60700,32900
Pantaloons,Men's Tops,Like New,3000,1600
Aurelia,Men's Tops,Good,3400,1400
Aldo,Women's Traditional,Like New,7000,4950
Manish Malhotra,Women's Tops,Like New,147500,87600
Sabyasachi,Men's Formal,Like New,156200,90100
Acne Studios,Men's Bottoms,Well Loved,27100,4250
Jaypore,Women's Outerwear,Good,7000,2650
Lacoste,Women's Traditional,New with tags,4500,4050
ARKET,Men's Tops,Fair,6100,1200
Anamika Khanna,Men's Formal,Good,26400,13850
Vintage,Men's Tops,New with tags,0,3050
Monte Carlo,Women's Dresses,Good,1700,800
Tribe Amrapali,Men's Formal,Good,7200,3650
Monte Carlo,Men's Formal,Good,1700,750
Aldo,Men's Tops,Good,5200,2400
Clarks,Men's Tops,Like New,11200,5950
Only,Women's Tops,Like New,4900,3100
Nanushka,Footwear,New with tags,13500,11800
Aurelia,Men's Outerwear,Like New,2400,1800
Hidesign,Men's Outerwear,Like New,10600,8200
Forever 21,Men's Tops,Good,1200,500
Payal Singhal,Women's Traditional,Good,12000,5500
Max,Men's Tops,Good,1900,850
Nanushka,Men's Outerwear,Good,27600,13150
W,Footwear,Like New,5400,3500
Reliance Trends,Men's Formal,Good,1750,650
Zara,Footwear,Like New,2900,1850
Clarks,Men's Outerwear,Fair,7100,2150
Chemistry,Women's Tops,Well Loved,1100,150
Hidesign,Women's Tops,Like New,13700,7900
Anatomy,Women's Traditional,Fair,2100,550
Masaba Gupta,Men's Bottoms,Well Loved,19000,2000
Accessorize,Bags,New with tags,3700,3330
Tarun Tahiliani,Men's Bottoms,Like New,68200,34900
H&M,Women's Bottoms,Fair,2100,500
Mango,Women's Outerwear,Like New,5900,4000
Global Desi,Men's Tops,Good,9600,3400
W,Accessories,Fair,1800,500
Thrift,Women's Outerwear,Like New,950,650
Biba,Women's Bottoms,New with tags,1400,1250
W,Women's Tops,Good,3000,1300
Pantaloons,Men's Formal,Like New,1100,750
Tommy Hilfiger,Women's Bottoms,New with tags,3100,2300
Clarks,Women's Tops,Well Loved,9400,1150
Nine West,Jewelry,Good,6100,2800
Calvin Klein,Men's Outerwear,New with tags,8500,7650
Shantanu & Nikhil,Women's Bottoms,Good,27300,13250
Converse,Women's Dresses,Like New,3500,1850
Biba,Men's Formal,Good,1800,850
Payal Singhal,Women's Traditional,Good,16800,8600
Levi's,Men's Tops,Like New,3500,2000
Under Armour,Women's Tops,Good,2100,750
Van Heusen,Women's Tops,Like New,3800,2000
Vero Moda,Footwear,Like New,1100,600
Biba,Women's Tops,Like New,1200,750
Sabyasachi,Men's Bottoms,Like New,87100,51300
Nike,Women's Bottoms,Good,8500,3950
Max,Women's Tops,Well Loved,500,100
Aurelia,Women's Bottoms,Good,4600,1800
Monte Carlo,Women's Traditional,Good,900,350
Amrapali,Women's Bottoms,Like New,19000,11250
Aldo,Women's Sets,New with tags,6300,5550
Under Armour,Women's Sets,New with tags,6400,5100
Reformation,Women's Sets,Like New,19800,13150
Converse,Women's Tops,Like New,4900,2800
H&M,Men's Tops,Well Loved,2200,300
& Other Stories,Women's Outerwear,Like New,7000,4450
Tommy Hilfiger,Women's Tops,Fair,8000,1650
Peter England,Women's Bottoms,Good,2200,800
New Balance,Men's Bottoms,Well Loved,12700,1650
Lacoste,Bags,Fair,10800,2750
COS,Women's Tops,Well Loved,12500,1800
Forever 21,Men's Formal,Good,3000,1250
Ritu Kumar,Women's Bottoms,Well Loved,12600,1950
Tarun Tahiliani,Women's Bottoms,Well Loved,103200,14900
Sabyasachi,Men's Bottoms,Good,63200,22200
Puma,Men's Outerwear,Like New,4700,3450
Under Armour,Bags,Fair,6000,1750
Ritu Kumar,Women's Outerwear,Fair,19500,5450
Local Brand,Men's Tops,Fair,450,100
No Brand,Men's Outerwear,Like New,900,650
Reformation,Women's Traditional,Like New,21000,13450
Ritu Wear,Women's Tops,Good,8200,3200
Pantaloons,Footwear,New with tags,3100,2790
Calvin Klein,Women's Bottoms,Fair,5600,1500
Tribe Amrapali,Women's Tops,Well Loved,3000,400
Anamika Khanna,Women's Tops,Good,26900,11100
Charles & Keith,Women's Tops,Well Loved,5700,650
ARKET,Men's Bottoms,Fair,12400,3100
Local Brand,Women's Tops,Like New,1650,950
Anita Dongre,Footwear,Fair,15100,4000
Arrow,Footwear,Good,5400,2100
Monte Carlo,Men's Formal,Good,3000,1250
Aldo,Men's Bottoms,Well Loved,5100,650
Sangria,Women's Tops,New with tags,1500,1200
V-Mart,Men's Formal,Well Loved,1050,150
Pantaloons,Men's Tops,Good,1400,550
Ritu Kumar,Women's Traditional,Good,25900,11550
AND,Women's Outerwear,Like New,7200,6100
COS,Men's Tops,New with tags,12800,8900
Van Heusen,Women's Bottoms,Good,2800,1250
Sangria,Men's Bottoms,Good,2700,1250
Jaypore,Women's Dresses,Like New,4700,2950
Under Armour,Women's Traditional,Well Loved,5300,750
Marks & Spencer,Jewelry,Good,4700,2200
ASOS,Men's Tops,New with tags,3700,3000
Acne Studios,Footwear,Good,44700,16650
Sabyasachi,Women's Dresses,Good,105100,37350
Chemistry,Women's Outerwear,New with tags,4100,3690
AND,Women's Tops,Good,6500,2150
Anju Modi,Men's Bottoms,Well Loved,28400,3800
Uniqlo,Women's Bottoms,Like New,5100,3450
Adidas,Men's Tops,Like New,6100,2950
Toteme,Women's Bottoms,Good,11900,4900
Rohit Bal,Women's Sets,Good,42300,17350
Ritu Kumar,Footwear,Like New,7000,4050
Mango,Women's Traditional,Like New,9400,6900
Westside,Men's Outerwear,Like New,1100,750
Local Brand,Women's Tops,Good,1000,450
Only,Women's Outerwear,Good,2500,1200
Ralph Lauren,Footwear,Good,8600,3550
Ritu Wear,Women's Outerwear,Like New,6700,4050
Nine West,Women's Traditional,Like New,8600,5350
H&M,Women's Bottoms,Like New,500,350
Reliance Trends,Men's Outerwear,Like New,1650,1000
H&M,Men's Formal,Like New,3400,2150
H&M,Women's Tops,Good,3300,1400
Tribe Amrapali,Men's Bottoms,Well Loved,7800,1150
Sangria,Women's Tops,Well Loved,1300,150
AND,Men's Tops,Like New,4800,2750
Pantaloons,Women's Tops,Fair,3800,900
Masaba Gupta,Women's Bottoms,Fair,10100,2550
Local Brand,Women's Traditional,Like New,450,250
Mango,Men's Tops,Fair,8400,2050
Anamika Khanna,Men's Bottoms,Like New,37500,23450
ARKET,Women's Tops,Like New,5300,2750
Only,Women's Tops,New with tags,3100,2450
Pantaloons,Women's Traditional,Like New,2100,1250
Monte Carlo,Women's Outerwear,Fair,3100,800
Peter England,Bags,New with tags,1400,1250
Abu Jani Sandeep Khosla,Bags,Well Loved,41700,7700
Converse,Women's Bottoms,Good,5100,1950
New Balance,Women's Dresses,New with tags,10100,9050
Vero Moda,Footwear,Well Loved,3100,450
AND,Women's Bottoms,Good,4700,1800
Anatomy,Women's Dresses,Good,900,350
Reliance Trends,Women's Bottoms,Like New,1150,650
Forever 21,Women's Tops,Well Loved,2300,350
Ralph Lauren,Women's Dresses,Like New,12800,7700
Reformation,Footwear,Good,9200,4050
& Other Stories,Women's Traditional,New with tags,5600,5040
Vero Moda,Women's Tops,Like New,4600,2450
Uniqlo,Women's Tops,Fair,4800,1250
Max,Men's Formal,Good,700,300
& Other Stories,Footwear,Fair,14000,3400
Steve Madden,Jewelry,Good,4900,2550
Shantanu & Nikhil,Women's Sets,New with tags,24700,21200
Allen Solly,Women's Traditional,Well Loved,1800,200
Rangmanch,Women's Dresses,Fair,2400,500
COS,Men's Bottoms,New with tags,13100,8950
Vero Moda,Accessories,Good,4600,1700
Ralph Lauren,Men's Tops,Like New,6200,3650
Anju Modi,Women's Tops,Fair,28300,5750
COS,Women's Dresses,Fair,4300,950
Ralph Lauren,Women's Outerwear,Like New,12100,9900
Charles & Keith,Men's Bottoms,Good,2700,950
Vintage,Footwear,Good,0,2150
W,Men's Tops,Good,5300,1800
Local Brand,Women's Traditional,Good,1400,600
Calvin Klein,Women's Outerwear,Like New,10600,8250
Calvin Klein,Women's Tops,New with tags,6500,5250
ASOS,Women's Outerwear,Well Loved,4100,650
Mango,Women's Bottoms,Well Loved,9900,1600
Vero Moda,Men's Outerwear,Like New,3800,2900
Tribe Amrapali,Women's Dresses,Fair,8300,2000
Louis Philippe,Women's Outerwear,Good,2100,1050
Ritu Kumar,Men's Outerwear,Good,20800,9550
Nike,Women's Bottoms,Good,6100,2500
AND,Women's Dresses,Like New,6900,4400
Aldo,Women's Outerwear,Good,5700,2500
Amrapali,Men's Bottoms,Like New,19600,10750
ARKET,Women's Tops,Well Loved,16800,2350
Anamika Khanna,Accessories,Like New,30000,17750
Skechers,Women's Sets,Fair,2900,750
& Other Stories,Women's Dresses,Like New,12100,7900
Nike,Men's Tops,Fair,2100,550
Reformation,Men's Tops,Like New,10600,6800
Nanushka,Women's Tops,Fair,15200,4350
Allen Solly,Men's Formal,Well Loved,5600,750
V-Mart,Women's Tops,New with tags,1200,1050
Nine West,Men's Tops,Good,5700,2000
Thrift,Women's Bottoms,Good,350,150
Westside,Jewelry,Fair,800,200
Anatomy,Women's Outerwear,New with tags,1900,1710
Zara,Women's Traditional,Fair,7700,2200
Vintage,Women's Traditional,Well Loved,0,450
Nike,Women's Outerwear,Like New,5600,3500
Nike,Women's Tops,Well Loved,9400,1100
Marks & Spencer,Women's Traditional,Fair,1500,400
Zara,Men's Tops,Like New,8900,5600
Nine West,Women's Traditional,Like New,6600,4600
Louis Philippe,Women's Outerwear,Like New,5400,4100
Global Desi,Women's Traditional,Well Loved,2100,300
Rangmanch,Women's Tops,Like New,4700,2700
Pantaloons,Women's Tops,Like New,2600,1700
Charles & Keith,Women's Tops,New with tags,7100,6050
Steve Madden,Women's Bottoms,Like New,6100,4150
Baggit,Women's Tops,Like New,4200,2400
FabIndia,Women's Traditional,Fair,5800,1450
Levi's,Women's Dresses,New with tags,6000,5250
Arrow,Men's Bottoms,New with tags,3100,2350
Vans,Women's Outerwear,Fair,5000,1300
Forever 21,Women's Outerwear,Fair,900,250
Peter England,Men's Tops,Like New,1200,800
Allen Solly,Men's Bottoms,Like New,4000,2400
V-Mart,Women's Bottoms,Good,1150,450
Park Avenue,Women's Dresses,Like New,4500,2700
Rohit Bal,Women's Outerwear,New with tags,29400,26460
V-Mart,Women's Dresses,Fair,850,250
Calvin Klein,Women's Bottoms,Like New,3700,2650
Allen Solly,Women's Traditional,Like New,5000,3900
Arrow,Women's Traditional,Good,3800,1750
Westside,Women's Tops,Good,1800,600
Sabyasachi,Women's Dresses,Well Loved,114600,12900
Shantanu & Nikhil,Bags,New with tags,12900,11610
New Balance,Men's Tops,Like New,12800,8450
Amrapali,Women's Dresses,Like New,10200,6300
Biba,Women's Dresses,Good,1200,450
Louis Philippe,Women's Outerwear,Good,2900,1650
Hidesign,Men's Bottoms,Good,6000,2550
Biba,Bags,New with tags,5300,4300
Ralph Lauren,Women's Outerwear,Like New,18600,14150
Hidesign,Jewelry,Fair,18300,5900
Converse,Women's Tops,Like New,7900,5300
Jaypore,Men's Outerwear,Good,6500,3150
W,Women's Bottoms,Like New,4900,3100
Manish Malhotra,Women's Outerwear,Well Loved,96600,17000
Forever 21,Women's Dresses,Like New,1200,800
Tommy Hilfiger,Women's Outerwear,Good,6200,3100
Abu Jani Sandeep Khosla,Women's Tops,Fair,92400,20800
Reebok,Women's Sets,Good,6100,2900
Rohit Bal,Women's Dresses,New with tags,55500,39900
Toteme,Bags,New with tags,31500,27700
& Other Stories,Women's Bottoms,Well Loved,8700,1300
Arrow,Women's Bottoms,Like New,3800,2350
Peter England,Men's Bottoms,New with tags,2500,1650
Marks & Spencer,Women's Bottoms,Like New,6800,4000
Toteme,Men's Tops,Good,14100,5150
Reebok,Bags,Like New,3900,2700
Thrift,Men's Tops,Like New,1450,750
Sangria,Women's Traditional,Like New,3600,2500
Ritu Wear,Women's Tops,Good,2100,750
Adidas,Footwear,Good,6300,3200
Toteme,Men's Bottoms,Good,19200,7200
W,Footwear,Fair,4200,1200
Anamika Khanna,Women's Traditional,Like New,36100,26650
Anju Modi,Women's Outerwear,Well Loved,18300,3000
Masaba Gupta,Men's Outerwear,New with tags,21100,18990
Vintage,Footwear,Good,0,200
Vans,Bags,Like New,6800,4550
Anju Modi,Men's Outerwear,Fair,13500,3950
Lacoste,Women's Sets,Well Loved,8400,1150
Tarun Tahiliani,Women's Sets,New with tags,102800,84800
Rohit Bal,Women's Traditional,Fair,34100,8950
Sangria,Women's Tops,New with tags,3800,3250
Anju Modi,Women's Tops,Well Loved,12400,1300
Manish Malhotra,Women's Tops,Well Loved,49600,7100
Vans,Men's Bottoms,Fair,4500,1200
Westside,Women's Tops,Like New,3200,2050
Pantaloons,Women's Traditional,Like New,1100,800
ARKET,Men's Bottoms,Like New,15100,9800
Levi's,Women's Dresses,Well Loved,2800,350
Monte Carlo,Women's Tops,Good,4800,1700
Louis Philippe,Men's Bottoms,Good,5900,2100
Mango,Women's Tops,Good,7100,2750
Ralph Lauren,Women's Tops,Like New,9800,6700
Levi's,Women's Tops,Well Loved,4000,550
Rangmanch,Women's Dresses,Well Loved,4900,750
Payal Singhal,Footwear,New with tags,24900,21100
Sangria,Women's Tops,Like New,2400,1450
Skechers,Men's Outerwear,New with tags,3800,3150
Clarks,Women's Bottoms,Fair,8500,2250
Anamika Khanna,Women's Bottoms,Good,32900,13900
Anatomy,Women's Traditional,Fair,1400,450
Ralph Lauren,Women's Bottoms,Fair,16300,3500
Uniqlo,Men's Tops,Well Loved,3900,400
Masaba Gupta,Women's Outerwear,Fair,20100,7450
Mango,Men's Bottoms,Good,4500,1650
Rangmanch,Men's Formal,New with tags,2300,1950
Local Brand,Men's Formal,Well Loved,900,150
Nanushka,Jewelry,Like New,23500,14600
Reebok,Women's Dresses,New with tags,1600,1440
Nike,Men's Tops,Good,3600,1200
Abu Jani Sandeep Khosla,Men's Outerwear,Like New,92300,65000
Arrow,Men's Tops,Good,4200,1550
Under Armour,Women's Sets,New with tags,5500,4550
Skechers,Footwear,Fair,3300,900
Nike,Women's Outerwear,Well Loved,2900,450
Max,Bags,Fair,2400,750
Calvin Klein,Men's Bottoms,Like New,8700,4750
Baggit,Women's Bottoms,Fair,5200,1250
Park Avenue,Women's Tops,Like New,2300,1300
Puma,Women's Traditional,Fair,2800,750
New Balance,Women's Tops,Like New,11900,6550
COS,Women's Traditional,Like New,5900,3950
& Other Stories,Women's Bottoms,Good,3600,1400
New Balance,Women's Bottoms,New with tags,9000,7500
Marks & Spencer,Men's Bottoms,Fair,2000,450
Puma,Women's Traditional,New with tags,2300,1850
Reliance Trends,Women's Bottoms,Fair,450,100
New Balance,Women's Traditional,Like New,7300,5250
Clarks,Women's Traditional,Fair,11400,4000
Charles & Keith,Women's Dresses,New with tags,4200,3150
New Balance,Men's Tops,Like New,13900,8100
H&M,Men's Outerwear,New with tags,1400,1100
Local Brand,Bags,Good,500,200
Hidesign,Accessories,Like New,13400,8050
Acne Studios,Men's Tops,Fair,41100,10850
Ritu Wear,Men's Outerwear,Like New,4300,2850
Thrift,Women's Outerwear,Good,800,450
Aldo,Women's Tops,Good,5700,2450
Jaypore,Women's Tops,Like New,2500,1700
Tarun Tahiliani,Women's Bottoms,Fair,88400,20450
Westside,Men's Outerwear,New with tags,2900,2600
Max,Women's Outerwear,Good,1100,550
Zara,Women's Sets,Like New,3100,2050
Under Armour,Women's Outerwear,Fair,7900,2450
FabIndia,Men's Formal,Like New,2900,2150
ARKET,Women's Traditional,Well Loved,16600,3100
Payal Singhal,Men's Tops,Good,12000,4700
Adidas,Men's Tops,Like New,3100,1550
H&M,Men's Bottoms,Good,3800,1600
Van Heusen,Men's Tops,Good,4500,1600
Anju Modi,Women's Traditional,Good,29200,12650
Vintage,Women's Outerwear,Good,0,1400
Steve Madden,Women's Tops,Like New,10000,6550
Monte Carlo,Women's Outerwear,Good,4400,2050
Clarks,Women's Outerwear,Like New,4800,4000
Arrow,Women's Bottoms,Like New,2000,1200
FabIndia,Men's Formal,Good,4400,2050
Anita Dongre,Footwear,Like New,18400,11550
Westside,Women's Tops,New with tags,2300,1850
Payal Singhal,Men's Formal,Fair,27100,8600
Allen Solly,Men's Outerwear,Like New,5700,4300
Max,Women's Tops,Well Loved,700,100
Nine West,Women's Traditional,Good,8800,4950
Steve Madden,Women's Tops,Good,5500,2200
Vans,Footwear,Good,7800,3850
Arrow,Men's Formal,Fair,5900,1400
Accessorize,Accessories,Good,3500,1300
Masaba Gupta,Women's Traditional,Good,7400,2900
Under Armour,Bags,Like New,6500,4700
Abu Jani Sandeep Khosla,Women's Sets,Like New,41600,29900
Masaba Gupta,Men's Tops,Good,13200,4450
Jaypore,Footwear,Fair,4900,1200
Jaypore,Women's Traditional,Like New,3900,2850
COS,Men's Bottoms,New with tags,4200,3400
Manish Malhotra,Men's Formal,Fair,132700,26250
Clarks,Women's Dresses,Fair,8000,2150
Forever 21,Men's Bottoms,Well Loved,1400,150
Rohit Bal,Women's Sets,Fair,53300,12050
Ralph Lauren,Men's Tops,Good,12400,4400
H&M,Bags,Like New,2100,1350
Adidas,Men's Tops,Like New,4300,2150
Westside,Women's Traditional,Good,800,350
COS,Women's Traditional,Good,9500,3900
Ritu Kumar,Women's Bottoms,Like New,9200,4900
Lacoste,Women's Traditional,Well Loved,6300,900
Ritu Wear,Men's Tops,Well Loved,4100,600
ASOS,Women's Bottoms,New with tags,4600,4140
Pantaloons,Men's Bottoms,Fair,3200,600
Under Armour,Women's Tops,Good,2900,1050
Accessorize,Women's Traditional,Like New,3000,2100
Max,Women's Sets,New with tags,1900,1700
Levi's,Women's Traditional,Well Loved,5200,850
Anatomy,Women's Traditional,Like New,1900,1350
Rangmanch,Women's Bottoms,Well Loved,3000,450
Hidesign,Women's Dresses,Like New,9400,5450
Charles & Keith,Men's Outerwear,Good,7900,4150
Anita Dongre,Women's Tops,Good,18000,7050
Rohit Bal,Women's Bottoms,Good,39700,16350
Uniqlo,Men's Tops,Good,4100,1550
Nike,Women's Traditional,Good,9700,4200
Peter England,Men's Tops,New with tags,2300,1700
Amrapali,Men's Bottoms,Good,4900,2150
Ritu Wear,Women's Dresses,Fair,6400,1500
FabIndia,Women's Outerwear,Fair,5100,1250
Arrow,Men's Outerwear,Good,4400,1800
Levi's,Men's Bottoms,Good,5400,2450
Reliance Trends,Women's Traditional,Good,1400,700
Louis Philippe,Jewelry,Like New,6700,4250
V-Mart,Footwear,Good,1400,700
Marks & Spencer,Women's Tops,Like New,3000,1700
Thrift,Men's Outerwear,Good,650,250
Abu Jani Sandeep Khosla,Women's Tops,New with tags,60500,50750
Louis Philippe,Women's Traditional,Good,1700,750
Vans,Women's Dresses,Good,7400,3450
Park Avenue,Women's Traditional,Like New,4000,2600
Sabyasachi,Women's Bottoms,Like New,93100,58650
Ralph Lauren,Women's Tops,Like New,16400,9800
Converse,Women's Bottoms,Good,5400,2100
AND,Footwear,Like New,2800,1800
Adidas,Women's Traditional,Good,6600,2650
Masaba Gupta,Women's Dresses,Like New,6100,3600
Reformation,Men's Bottoms,Well Loved,24000,2750
Calvin Klein,Women's Outerwear,Like New,11800,8450
Zara,Women's Bottoms,Fair,3100,700
Marks & Spencer,Women's Sets,New with tags,5800,4250
& Other Stories,Women's Tops,New with tags,9300,7550
Tarun Tahiliani,Men's Bottoms,Like New,108000,56550
Biba,Men's Bottoms,Good,4400,1850
Van Heusen,Women's Outerwear,Like New,5700,4300
Masaba Gupta,Men's Outerwear,Good,5500,2150
Only,Women's Outerwear,Well Loved,3800,650
Monte Carlo,Women's Tops,Like New,4000,2650
Only,Women's Traditional,Good,2100,1150
Charles & Keith,Women's Dresses,Fair,8200,2400
Skechers,Women's Tops,Well Loved,2700,300
Anju Modi,Women's Sets,Good,25400,10300
Anju Modi,Women's Sets,Well Loved,19400,2350
Clarks,Men's Outerwear,Like New,8700,5800
Marks & Spencer,Women's Dresses,Like New,6400,3500
Van Heusen,Men's Formal,Good,5200,2150
Reliance Trends,Bags,Like New,1900,1400
FabIndia,Women's Bottoms,Like New,2800,1700
COS,Men's Tops,Like New,13000,6650
Allen Solly,Women's Dresses,Like New,5400,3200
Vero Moda,Women's Tops,Like New,5000,2800
ASOS,Women's Bottoms,Good,4600,1800
Shantanu & Nikhil,Women's Traditional,Like New,11100,8300
Steve Madden,Men's Bottoms,Fair,5800,1200
H&M,Men's Bottoms,Good,3300,1450
Ritu Kumar,Women's Tops,Fair,8900,2000
Marks & Spencer,Women's Traditional,Fair,4200,1200
Acne Studios,Men's Outerwear,Good,24000,10800
Calvin Klein,Women's Sets,Fair,8600,2150
Abu Jani Sandeep Khosla,Women's Tops,Fair,86700,21000
Arrow,Women's Tops,Like New,1500,950
Anju Modi,Women's Sets,Good,24700,10600
Amrapali,Women's Tops,Like New,5100,3050
No Brand,Women's Bottoms,Well Loved,600,100
Anatomy,Women's Tops,New with tags,800,700
Local Brand,Men's Formal,Good,1450,800
Jaypore,Women's Tops,Well Loved,6000,750
No Brand,Women's Bottoms,Fair,250,100
Tommy Hilfiger,Accessories,New with tags,10800,8300
Ritu Kumar,Men's Tops,Well Loved,25800,3300
Westside,Women's Dresses,Good,1700,650
Arrow,Women's Tops,Like New,1500,1050
Zara,Footwear,Fair,6900,2050
Masaba Gupta,Jewelry,Good,21600,10550
Baggit,Men's Tops,Like New,1600,950
Payal Singhal,Women's Dresses,Fair,20700,4750
Charles & Keith,Footwear,Good,6500,2400
Skechers,Women's Outerwear,Fair,5300,1600
Nanushka,Women's Tops,Fair,13600,3850
AND,Men's Tops,Good,6600,2950
COS,Men's Formal,Fair,11700,3300
Rangmanch,Men's Formal,New with tags,2100,1600
Payal Singhal,Women's Tops,New with tags,10800,8350
Rangmanch,Men's Outerwear,Fair,4800,1650
Nine West,Women's Bottoms,Fair,5400,1150
Anamika Khanna,Men's Tops,Good,12200,4350
Steve Madden,Women's Bottoms,Good,4800,1900
Rangmanch,Women's Tops,Good,4400,1850
Chemistry,Women's Tops,Fair,3300,750
Forever 21,Women's Sets,Like New,2700,1900
Max,Men's Tops,Good,700,250
Reformation,Men's Tops,Good,12900,5200
ASOS,Footwear,Like New,4300,3000
Adidas,Women's Traditional,Fair,6200,2050
Mango,Women's Tops,Like New,8700,4600
Rangmanch,Women's Tops,Well Loved,3700,450
Thrift,Footwear,Like New,1200,750
Biba,Bags,New with tags,5600,5040
Arrow,Women's Traditional,New with tags,2100,1700
Rangmanch,Footwear,Good,3500,1600
Ritu Kumar,Women's Tops,Like New,9800,5850
Converse,Women's Tops,New with tags,5100,4500
Levi's,Women's Tops,Well Loved,4600,600
AND,Women's Bottoms,Fair,4200,850
Allen Solly,Men's Formal,Like New,3100,1750
Jaypore,Bags,New with tags,6500,5400
Charles & Keith,Women's Outerwear,Fair,3700,900
H&M,Women's Tops,Good,3800,1450
Clarks,Women's Tops,Fair,9500,1700
Reformation,Bags,Good,23600,11150
COS,Men's Outerwear,Like New,11700,8250
Abu Jani Sandeep Khosla,Men's Outerwear,Good,85300,38100
Uniqlo,Men's Tops,Good,6200,2500
Ralph Lauren,Men's Tops,Like New,16300,7850
Louis Philippe,Women's Tops,New with tags,4700,4050
Allen Solly,Women's Tops,Like New,1300,750
Ritu Wear,Women's Bottoms,Like New,8800,5200
V-Mart,Men's Bottoms,Good,500,200
Biba,Accessories,Fair,6200,1450
Vans,Women's Dresses,Well Loved,4100,700
Ralph Lauren,Women's Outerwear,Like New,7800,5350
ARKET,Women's Tops,Good,11800,4450
Abu Jani Sandeep Khosla,Women's Outerwear,Well Loved,47600,7050
Louis Philippe,Women's Bottoms,Well Loved,2500,400
Westside,Women's Traditional,Well Loved,3000,450
Anatomy,Women's Outerwear,Good,4300,2150
Toteme,Women's Tops,Good,15200,6850
Ritu Wear,Women's Sets,Good,2300,1100
Aurelia,Women's Tops,Good,900,400
Shantanu & Nikhil,Women's Bottoms,Well Loved,13900,1800
Ritu Wear,Women's Tops,Well Loved,4200,600
Tribe Amrapali,Bags,Like New,5000,3100
Payal Singhal,Women's Sets,Good,16500,8000
Jaypore,Women's Bottoms,Fair,7200,2150
Calvin Klein,Men's Tops,Fair,8400,1750
Levi's,Men's Outerwear,Like New,4400,3150
Arrow,Men's Bottoms,Fair,4600,1200
Louis Philippe,Women's Dresses,Fair,4600,1250
Toteme,Women's Tops,Good,13800,5300
Forever 21,Accessories,Like New,1000,600
Ritu Kumar,Bags,Like New,8800,5350
Reliance Trends,Women's Outerwear,Good,1900,850
Levi's,Men's Tops,Well Loved,7300,1150
Louis Philippe,Women's Bottoms,Like New,4500,2900
Anatomy,Women's Bottoms,Good,1700,750
FabIndia,Women's Traditional,New with tags,6800,6120
Tommy Hilfiger,Men's Formal,Good,4400,1950
Park Avenue,Women's Tops,Good,5700,2500
Park Avenue,Women's Bottoms,Good,2500,1000
Marks & Spencer,Women's Sets,Like New,1600,1050
No Brand,Jewelry,Good,300,150
Rangmanch,Men's Tops,Like New,4500,2900
Acne Studios,Women's Bottoms,Like New,46700,26150
Nike,Women's Sets,Well Loved,2700,500
Forever 21,Women's Outerwear,Like New,1500,1100
Steve Madden,Women's Traditional,Good,6300,2900
Hidesign,Men's Outerwear,Like New,19200,13250
AND,Women's Sets,Well Loved,7000,1200
Amrapali,Women's Sets,Like New,4200,2650
Uniqlo,Bags,Like New,6100,4200
AND,Women's Sets,Like New,4300,2750
Baggit,Women's Traditional,Like New,4900,3100
Puma,Women's Tops,Like New,4700,2650
Monte Carlo,Women's Tops,Good,3100,1150
Baggit,Men's Formal,Like New,4000,2600
Rangmanch,Women's Tops,Fair,1000,200
COS,Women's Outerwear,Good,4000,1900
H&M,Accessories,Good,1100,400
Reliance Trends,Women's Tops,New with tags,1550,1100
Ritu Wear,Men's Bottoms,Well Loved,3400,450
Puma,Men's Formal,Well Loved,5000,650
Accessorize,Women's Bottoms,Good,700,300
Tribe Amrapali,Women's Traditional,Like New,4900,3700
Aurelia,Women's Tops,Fair,4000,950
Hidesign,Men's Tops,New with tags,12100,9000
Tommy Hilfiger,Footwear,Well Loved,8600,1250
Jaypore,Women's Traditional,Good,5400,2500
Pantaloons,Women's Tops,Like New,1700,950
Pantaloons,Men's Tops,Like New,3300,2100
Sabyasachi,Men's Outerwear,Good,123700,57750
Park Avenue,Men's Formal,Good,3200,1400
Louis Philippe,Women's Outerwear,Good,2800,1250
Accessorize,Men's Formal,Fair,3400,800
Mango,Jewelry,Like New,3600,2250
Uniqlo,Women's Bottoms,Like New,3900,2550
Global Desi,Women's Sets,Fair,8300,2350
Ritu Wear,Women's Traditional,Like New,5900,3850
Shantanu & Nikhil,Women's Outerwear,Fair,29800,8500
Nine West,Men's Formal,Good,7300,2600
Jaypore,Women's Bottoms,Good,5300,2000
Louis Philippe,Men's Tops,Like New,3000,1700
Abu Jani Sandeep Khosla,Women's Bottoms,Fair,54500,15000
Accessorize,Women's Dresses,Like New,2400,1450
Rangmanch,Women's Sets,Like New,3400,2150
Vans,Accessories,Good,6600,2400
Westside,Women's Bottoms,Like New,3900,2300
Sabyasachi,Men's Bottoms,Like New,72400,42900
Abu Jani Sandeep Khosla,Women's Outerwear,New with tags,81700,71750
Charles & Keith,Men's Formal,Good,6300,2800
Aurelia,Women's Traditional,Good,1900,1050
Aurelia,Men's Formal,Fair,1800,600
Baggit,Women's Bottoms,Fair,4100,900
Reformation,Men's Outerwear,Good,20900,10050
Anita Dongre,Footwear,New with tags,28100,23750
Park Avenue,Women's Tops,Fair,2800,700
Aldo,Women's Sets,Good,5600,2400
Steve Madden,Men's Formal,New with tags,3600,3240
Biba,Men's Formal,Like New,5200,3500
AND,Women's Tops,Fair,3900,1050
Zara,Women's Traditional,Like New,4600,3600
Westside,Women's Outerwear,Fair,700,200
Arrow,Men's Tops,Like New,2000,1200
Rangmanch,Bags,Fair,3200,750
Nine West,Women's Traditional,Good,6100,2750
Levi's,Footwear,Like New,5200,3050
Chemistry,Men's Bottoms,New with tags,2900,2300
Rangmanch,Men's Formal,Like New,4500,2950
Anatomy,Women's Tops,Good,1700,700
ASOS,Women's Dresses,Like New,4900,3050
Allen Solly,Men's Formal,Like New,2200,1500
Adidas,Men's Tops,New with tags,3900,2600
Zara,Women's Dresses,Good,2400,1100
Chemistry,Women's Bottoms,Good,2200,950
Shantanu & Nikhil,Women's Traditional,Fair,16800,5200
Aldo,Jewelry,Fair,5500,1700
No Brand,Women's Bottoms,Like New,350,200
Amrapali,Women's Traditional,Fair,17000,4250
Anita Dongre,Women's Tops,Like New,14600,8300
Toteme,Men's Tops,Good,25600,8800
Local Brand,Men's Outerwear,Like New,650,450
Aldo,Accessories,Well Loved,2700,350
FabIndia,Women's Bottoms,Fair,1200,250
Tommy Hilfiger,Women's Tops,Like New,11800,6700
Monte Carlo,Accessories,Like New,1000,450
Park Avenue,Women's Tops,New with tags,6000,5250
Toteme,Men's Outerwear,New with tags,23200,20880
Sangria,Women's Bottoms,Well Loved,3700,450
Biba,Women's Bottoms,Good,3700,1650
Levi's,Women's Sets,Good,7400,3150
Skechers,Women's Bottoms,Fair,4600,900
Reformation,Men's Formal,Like New,16800,11500
Toteme,Women's Sets,Fair,12500,3350
Jaypore,Men's Tops,Good,6500,2750
Shantanu & Nikhil,Women's Outerwear,Like New,9100,6100
Max,Women's Traditional,Fair,2100,500
Chemistry,Women's Traditional,Like New,3700,2450
Converse,Women's Dresses,Like New,6800,4950
Abu Jani Sandeep Khosla,Women's Dresses,Like New,47900,28200
Steve Madden,Footwear,New with tags,9500,8550
Global Desi,Men's Outerwear,Good,8300,4200
Under Armour,Women's Dresses,New with tags,2400,1800
Ralph Lauren,Women's Traditional,Fair,9500,2800
Anatomy,Bags,Like New,3200,2000
& Other Stories,Women's Tops,Good,5100,1950
Clarks,Women's Dresses,Good,3800,1650
Under Armour,Footwear,Good,3700,1800
Only,Women's Traditional,Like New,3800,2750
Toteme,Women's Bottoms,Good,29700,12550
Ralph Lauren,Women's Outerwear,Good,10200,4000
Biba,Women's Traditional,Like New,5400,3250
Ralph Lauren,Footwear,Well Loved,12400,1850
Uniqlo,Men's Outerwear,Well Loved,5900,1150
Uniqlo,Women's Bottoms,Good,6600,2600
Adidas,Accessories,Like New,3500,1750
AND,Footwear,Like New,4600,2600
Monte Carlo,Bags,Good,1700,950
Accessorize,Men's Tops,Fair,2000,450
V-Mart,Women's Outerwear,New with tags,1500,1250
Chemistry,Women's Traditional,Good,1800,650
Under Armour,Men's Tops,Good,6600,2350
W,Women's Sets,Like New,3700,2700
V-Mart,Men's Tops,Like New,350,200
Max,Bags,Fair,2500,750
Abu Jani Sandeep Khosla,Accessories,New with tags,56000,36850
Shantanu & Nikhil,Women's Tops,Like New,13500,7300
Anita Dongre,Women's Tops,Good,30000,13350
Max,Women's Traditional,Good,500,250
Steve Madden,Women's Dresses,Good,6600,3450
Payal Singhal,Women's Sets,Good,17600,7950
Allen Solly,Women's Tops,Fair,4900,1100
New Balance,Footwear,Fair,11700,3000
Anju Modi,Women's Bottoms,Like New,24600,14800
Ralph Lauren,Men's Bottoms,Like New,9100,4850
Monte Carlo,Women's Bottoms,Good,1600,700
H&M,Women's Bottoms,Good,3100,1350
Peter England,Women's Traditional,Fair,1800,450
Ritu Wear,Women's Dresses,Good,3800,1750
V-Mart,Women's Bottoms,Fair,1000,200
Skechers,Women's Outerwear,Good,4200,1900
Manish Malhotra,Bags,Good,127100,52700
Monte Carlo,Bags,Fair,2000,600
Only,Men's Tops,Fair,1100,300
Park Avenue,Women's Bottoms,Like New,5000,3000
Nanushka,Women's Bottoms,Good,11900,5000
Levi's,Women's Bottoms,Good,7500,2650
Payal Singhal,Women's Bottoms,Like New,26200,18550
Skechers,Women's Dresses,Like New,7600,4800
Ritu Wear,Men's Tops,Well Loved,3900,550
Amrapali,Men's Outerwear,Good,9600,4250
FabIndia,Women's Outerwear,Fair,1600,450
Vero Moda,Women's Bottoms,Like New,4000,2300
Hidesign,Women's Bottoms,New with tags,10600,8100
Mango,Footwear,Fair,2800,600
Van Heusen,Women's Traditional,Like New,4600,3050
Clarks,Women's Outerwear,Good,4300,2200
Tarun Tahiliani,Men's Outerwear,Like New,88300,57150
Peter England,Women's Outerwear,Good,2800,1650
Zara,Men's Bottoms,Good,8400,3500
Levi's,Women's Bottoms,Good,6300,2900
Toteme,Women's Bottoms,Good,10000,4050
Chemistry,Men's Tops,New with tags,3800,2650
Toteme,Men's Tops,Good,18700,8100
Converse,Women's Sets,Fair,5100,1300
Toteme,Women's Traditional,Good,18800,8050
ARKET,Men's Outerwear,Like New,16700,10950
Puma,Bags,New with tags,4000,3600
Jaypore,Women's Tops,New with tags,1700,1200
Nanushka,Women's Tops,Good,18600,7900
W,Women's Tops,Well Loved,2000,250
Clarks,Women's Tops,Like New,5900,3450
Vero Moda,Women's Traditional,Like New,1100,700
H&M,Accessories,Like New,600,300
Skechers,Women's Outerwear,Like New,5000,3000
Steve Madden,Women's Traditional,Fair,8200,2100
ARKET,Women's Tops,Fair,9600,2700
Forever 21,Women's Dresses,New with tags,2600,2300
Anamika Khanna,Accessories,New with tags,25200,17750
Local Brand,Women's Bottoms,Like New,650,400
Charles & Keith,Men's Bottoms,Well Loved,2600,350
Adidas,Men's Bottoms,Good,8800,3650
Westside,Men's Outerwear,Fair,2500,700
Louis Philippe,Women's Bottoms,Like New,2600,1600
Louis Philippe,Men's Outerwear,Good,5900,3000
Reformation,Men's Bottoms,Like New,22600,12100
Puma,Women's Dresses,New with tags,3000,2200
Adidas,Women's Traditional,Like New,3600,2500
Steve Madden,Women's Tops,Good,8400,3250
Anita Dongre,Women's Tops,Fair,36800,8200
Aldo,Women's Bottoms,Well Loved,2700,350
Pantaloons,Women's Tops,Well Loved,1400,150
AND,Men's Bottoms,Fair,2500,700
Hidesign,Men's Formal,Well Loved,14000,2050
Biba,Men's Tops,Fair,3200,750
Reliance Trends,Women's Traditional,New with tags,1350,1215
Sangria,Women's Bottoms,Fair,900,200
Jaypore,Footwear,Good,6500,2950
Clarks,Men's Bottoms,New with tags,8500,6400
Anatomy,Women's Tops,Good,4200,1600
Global Desi,Men's Bottoms,Fair,4000,1050
Ralph Lauren,Accessories,Like New,8000,4550
Anatomy,Men's Formal,Well Loved,4400,450
Zara,Men's Formal,Good,8000,3100
Zara,Women's Traditional,Good,7500,3600
Ritu Wear,Men's Outerwear,Fair,2000,600
Tarun Tahiliani,Men's Bottoms,New with tags,86500,62400
Sabyasachi,Women's Sets,New with tags,88100,79290
Payal Singhal,Men's Tops,New with tags,25200,19150
Rangmanch,Men's Tops,Good,2300,1000
Louis Philippe,Women's Traditional,Fair,7000,1900
No Brand,Women's Traditional,Good,700,300
Sangria,Women's Outerwear,Good,3300,1600
Forever 21,Women's Tops,Good,1300,500
Ritu Wear,Men's Tops,Good,2300,800
Rohit Bal,Women's Outerwear,Fair,71400,23050
Steve Madden,Men's Formal,Fair,7000,2000
Adidas,Men's Bottoms,Fair,6200,1200
FabIndia,Women's Tops,Good,2400,1050
Westside,Women's Bottoms,Good,2400,1050
Anatomy,Women's Bottoms,Good,4900,2050
Amrapali,Men's Formal,Good,13600,6000
Peter England,Women's Outerwear,Good,2000,1000
& Other Stories,Women's Bottoms,Like New,3900,2050
Tribe Amrapali,Footwear,Good,5800,2500
ARKET,Women's Sets,Good,17500,7150
Steve Madden,Men's Tops,Like New,3500,2050
Marks & Spencer,Women's Tops,Good,4900,2100
Accessorize,Women's Traditional,Like New,3500,2400
Anita Dongre,Women's Tops,Good,32800,13750
Chemistry,Women's Tops,Like New,1300,800
Uniqlo,Women's Outerwear,Like New,3600,2400
Toteme,Women's Tops,Like New,21000,12300
Manish Malhotra,Men's Outerwear,Good,70500,38000
Amrapali,Men's Formal,Good,3900,1650
Anatomy,Men's Bottoms,Fair,3200,700
Toteme,Men's Tops,Like New,26000,13250
Anamika Khanna,Women's Tops,Like New,19900,11550
W,Women's Bottoms,Good,3500,1400
No Brand,Men's Bottoms,Like New,850,500
V-Mart,Women's Bottoms,Like New,400,300
W,Accessories,Fair,3600,700
New Balance,Women's Bottoms,Well Loved,10800,1350
Masaba Gupta,Men's Outerwear,New with tags,11000,9900
No Brand,Women's Traditional,Good,500,200
Sabyasachi,Women's Tops,Good,56000,23400
Only,Men's Tops,Well Loved,3500,350
No Brand,Women's Bottoms,Good,1150,400
Chemistry,Footwear,New with tags,1000,750
Mango,Women's Outerwear,Like New,1700,1250
H&M,Women's Outerwear,Well Loved,3200,450
Under Armour,Footwear,Like New,7900,4400
& Other Stories,Men's Formal,Like New,6100,4150
Calvin Klein,Women's Tops,Like New,6500,4250
ASOS,Women's Bottoms,Like New,1900,1000
Vintage,Bags,Fair,0,450
Anita Dongre,Women's Traditional,Fair,16000,4900
Anamika Khanna,Women's Tops,Good,33000,11000
Nanushka,Women's Tops,Good,24500,9150
Calvin Klein,Women's Bottoms,Good,8600,3300
Ritu Kumar,Footwear,Like New,12100,8500
Under Armour,Women's Bottoms,Like New,6000,3500
Manish Malhotra,Women's Tops,Like New,143400,80950
Forever 21,Men's Tops,Fair,2500,550
Amrapali,Men's Bottoms,Good,12600,4750
Vans,Women's Sets,Like New,7200,5100
COS,Men's Tops,Like New,10400,6050
Converse,Women's Tops,New with tags,3900,3450
Aurelia,Footwear,Good,3200,1250
Skechers,Women's Bottoms,Well Loved,7100,950
Biba,Women's Outerwear,New with tags,1300,1170
Puma,Women's Traditional,Well Loved,4200,600
Vintage,Women's Outerwear,New with tags,0,3000
Local Brand,Women's Tops,Good,1000,450
COS,Footwear,Like New,7000,4300
Reebok,Women's Bottoms,Like New,2100,1450
Acne Studios,Women's Bottoms,Good,45500,16650
Park Avenue,Men's Bottoms,Fair,2300,450
Manish Malhotra,Men's Bottoms,Like New,119900,68200
Lacoste,Bags,Good,4800,2200
Manish Malhotra,Jewelry,Like New,143100,113150
Tommy Hilfiger,Women's Bottoms,Good,10200,4450
Abu Jani Sandeep Khosla,Women's Outerwear,Like New,94300,72100
No Brand,Men's Bottoms,Good,900,400
Westside,Women's Outerwear,Well Loved,3000,550
Nanushka,Women's Tops,Good,16100,7500
Anita Dongre,Women's Tops,Fair,30400,7950
Anamika Khanna,Women's Tops,Good,33900,15100
Reformation,Women's Outerwear,Good,24600,10500
Global Desi,Women's Outerwear,New with tags,7800,7020
Levi's,Women's Sets,Good,8000,4050
Charles & Keith,Women's Sets,Like New,3700,2200
Peter England,Women's Bottoms,Well Loved,2600,400
Calvin Klein,Men's Bottoms,Good,10300,4000
Ritu Kumar,Women's Bottoms,Good,11600,5150
Charles & Keith,Women's Tops,Good,4900,1950
Vero Moda,Men's Tops,Good,4300,1600
Puma,Men's Bottoms,Good,3200,1500
Sabyasachi,Women's Dresses,Like New,157100,106400
Vans,Women's Sets,Good,6200,2800
Global Desi,Women's Traditional,Good,7500,3600
Steve Madden,Women's Dresses,New with tags,5300,3900
Nine West,Women's Sets,Fair,4700,1200
Thrift,Women's Outerwear,Like New,1250,1000
Skechers,Men's Tops,Like New,3000,1750
FabIndia,Women's Tops,Fair,6500,1400
Anatomy,Women's Outerwear,Like New,1800,1500
Charles & Keith,Women's Traditional,Like New,6400,4550
Abu Jani Sandeep Khosla,Women's Bottoms,Good,64800,26700
Steve Madden,Women's Bottoms,Like New,7900,5450
Pantaloons,Men's Formal,Well Loved,4000,550
Lacoste,Women's Bottoms,Fair,5100,1250
Louis Philippe,Men's Outerwear,Good,5200,2550
Puma,Men's Tops,Fair,6100,1200
& Other Stories,Women's Tops,Like New,11400,7200
Anatomy,Footwear,Like New,1200,900
Steve Madden,Jewelry,Like New,3100,2050
Steve Madden,Women's Tops,Good,8400,3650
Aldo,Men's Tops,New with tags,3800,2600
Tarun Tahiliani,Women's Bottoms,Like New,81500,44050
Rohit Bal,Footwear,Like New,52500,35200
Abu Jani Sandeep Khosla,Women's Dresses,Good,39400,15250
Vero Moda,Men's Tops,Good,3200,1200
Payal Singhal,Women's Outerwear,Good,16500,7700
Toteme,Accessories,Like New,26100,13650
Levi's,Women's Outerwear,Like New,2800,2150
Tarun Tahiliani,Women's Outerwear,Like New,40600,27050
& Other Stories,Women's Bottoms,Like New,13600,7850
Anita Dongre,Men's Bottoms,Fair,40000,9000
Charles & Keith,Women's Sets,Like New,7400,5150
Shantanu & Nikhil,Women's Dresses,Fair,10100,2750
Monte Carlo,Bags,Good,3800,2050
Baggit,Women's Traditional,Fair,5600,1600
Accessorize,Women's Traditional,New with tags,3300,2650
Max,Women's Bottoms,Good,1700,600
Westside,Women's Bottoms,Like New,900,500
Chemistry,Women's Traditional,Good,3900,2000
Hidesign,Women's Outerwear,Good,18400,8650
Thrift,Men's Tops,Fair,1150,250
COS,Women's Outerwear,Good,7500,3200
Sangria,Women's Tops,Well Loved,2800,300
Nanushka,Women's Tops,Well Loved,26400,3800
Thrift,Women's Bottoms,New with tags,950,850
Charles & Keith,Women's Dresses,Fair,8300,1950
Pantaloons,Accessories,New with tags,1700,1250
Zara,Women's Tops,Fair,3700,1000
Hidesign,Men's Tops,Like New,19000,11300
Allen Solly,Men's Bottoms,Good,3400,1400
Louis Philippe,Women's Dresses,Fair,7500,1750
Nanushka,Accessories,Fair,25000,4050
Nanushka,Men's Tops,New with tags,14800,11400
Anatomy,Men's Bottoms,New with tags,1300,950
ASOS,Women's Traditional,Good,3700,1750
Tarun Tahiliani,Bags,Well Loved,81900,10550
Only,Women's Bottoms,Like New,4800,2600
Anatomy,Women's Tops,Like New,3100,1700
Tarun Tahiliani,Accessories,Good,74600,22150
Skechers,Women's Traditional,New with tags,4100,3690
Abu Jani Sandeep Khosla,Women's Traditional,Like New,88800,67000
Sangria,Jewelry,Fair,2900,750
Masaba Gupta,Men's Bottoms,Good,6100,2400
Acne Studios,Men's Outerwear,Good,34600,19100
Max,Women's Tops,Like New,1600,800
Louis Philippe,Women's Tops,Well Loved,5900,600
Adidas,Women's Bottoms,Like New,7700,5250
Amrapali,Women's Tops,Fair,5800,1200
Westside,Women's Tops,Like New,1300,750
Ralph Lauren,Women's Outerwear,Like New,15200,11750
Under Armour,Women's Bottoms,Like New,2500,1450
& Other Stories,Women's Tops,Like New,4600,2600
Abu Jani Sandeep Khosla,Men's Tops,New with tags,30800,23350
Thrift,Women's Bottoms,Fair,650,100
Puma,Women's Bottoms,Good,3700,1750
Clarks,Men's Bottoms,Like New,5200,2650
Vero Moda,Women's Tops,Fair,1500,400
Vintage,Women's Sets,Good,0,650
Shantanu & Nikhil,Women's Dresses,Fair,16900,4100
Reebok,Women's Dresses,Like New,4400,2950
Masaba Gupta,Women's Dresses,Like New,17200,11850
Rohit Bal,Women's Bottoms,Like New,35700,22550
Global Desi,Women's Dresses,Good,9600,4400
Calvin Klein,Women's Dresses,New with tags,3800,3000
Anatomy,Men's Bottoms,Good,3300,1450
Biba,Men's Outerwear,Like New,5700,4650
FabIndia,Women's Bottoms,Good,3700,1400
Nike,Women's Sets,Like New,6700,3950
Anita Dongre,Women's Tops,New with tags,26200,22900
Ritu Wear,Women's Outerwear,Good,8700,4200
Jaypore,Men's Outerwear,Good,5200,2850
Monte Carlo,Women's Outerwear,Good,2100,950
Acne Studios,Women's Tops,New with tags,44200,30450
Jaypore,Women's Bottoms,Well Loved,6200,750
Forever 21,Women's Tops,Fair,2700,700
Nine West,Women's Traditional,Good,3900,1950
COS,Men's Bottoms,Like New,5400,2750
Toteme,Women's Traditional,Good,15800,7950
Thrift,Women's Outerwear,Good,1000,500
New Balance,Bags,Good,10200,4700
Vero Moda,Women's Tops,Fair,3900,850
Aldo,Women's Outerwear,Fair,5800,1750
Vintage,Women's Outerwear,Good,0,1150
Mango,Men's Bottoms,Good,8900,3900
Reformation,Women's Traditional,Like New,11900,9600
Nike,Footwear,Like New,6800,4650
Toteme,Women's Traditional,Like New,20200,15400
Nike,Accessories,Like New,9400,4800
Shantanu & Nikhil,Women's Bottoms,Like New,21600,15800
Global Desi,Women's Tops,Like New,8900,5250
Tommy Hilfiger,Women's Tops,Fair,5600,1450
Calvin Klein,Men's Outerwear,Well Loved,13800,2500
Only,Women's Dresses,Fair,1600,400
Aldo,Women's Bottoms,Fair,7000,2000
Nanushka,Men's Bottoms,Good,13500,5450
Zara,Women's Tops,Well Loved,1800,200
Baggit,Women's Traditional,Like New,2300,1750
Allen Solly,Women's Traditional,Fair,4400,1250
AND,Women's Bottoms,Good,4000,1500
Abu Jani Sandeep Khosla,Women's Outerwear,New with tags,69700,62730
Hidesign,Women's Tops,Fair,19800,4150
Charles & Keith,Women's Traditional,Fair,8400,1850
Westside,Jewelry,Fair,1500,350
AND,Women's Tops,Well Loved,2400,350
Amrapali,Men's Tops,Fair,14800,3350
Tarun Tahiliani,Women's Tops,New with tags,47800,37250
Accessorize,Women's Tops,Like New,3200,2100
Nike,Women's Outerwear,Like New,10000,7550
Rohit Bal,Women's Tops,Like New,69700,48300
Vintage,Women's Dresses,Good,0,800
Vintage,Women's Tops,Like New,0,250
Masaba Gupta,Men's Outerwear,Fair,22700,5350
AND,Women's Tops,Well Loved,6900,700
Abu Jani Sandeep Khosla,Women's Tops,Good,68200,26250
Baggit,Women's Outerwear,Good,2700,1500
Max,Men's Bottoms,Like New,500,350
Lacoste,Footwear,Like New,10200,6300
Lacoste,Women's Dresses,Well Loved,5000,750
Nanushka,Women's Tops,Fair,28300,6750
Skechers,Footwear,Good,6300,2800
Baggit,Footwear,Like New,2000,1400
Max,Footwear,Like New,2000,1500
Tribe Amrapali,Women's Traditional,Well Loved,4800,850
Only,Women's Sets,Fair,4400,1300
Jaypore,Women's Dresses,Good,5400,2300
Aurelia,Men's Tops,Well Loved,2700,250
Anju Modi,Women's Dresses,Good,22000,9350
Reebok,Women's Bottoms,Good,1900,700
ARKET,Women's Traditional,Like New,13800,10850
Aldo,Jewelry,Well Loved,4900,550
Converse,Women's Tops,Good,4400,1800
Biba,Women's Traditional,Fair,2100,600
No Brand,Women's Tops,New with tags,1150,1035
Tommy Hilfiger,Women's Traditional,Like New,6100,3850
Ritu Wear,Footwear,Well Loved,8900,1000
Abu Jani Sandeep Khosla,Women's Sets,Like New,76200,50450
No Brand,Women's Tops,Like New,900,550
Tribe Amrapali,Women's Tops,Good,7400,3500
Under Armour,Footwear,Fair,3300,800
Levi's,Women's Tops,Well Loved,4200,700
Rangmanch,Women's Outerwear,Like New,3300,2450
Park Avenue,Women's Bottoms,Fair,4100,1200
ASOS,Men's Outerwear,New with tags,2800,2200
Anatomy,Women's Bottoms,Like New,4300,2600
ASOS,Women's Tops,New with tags,1900,1550
Baggit,Jewelry,Fair,2400,600
Tribe Amrapali,Women's Bottoms,Well Loved,4900,500
FabIndia,Footwear,Good,5800,2900
Nine West,Accessories,Fair,5600,950
Arrow,Men's Bottoms,Like New,2500,1400
Charles & Keith,Men's Tops,Like New,7200,4200
Lacoste,Women's Traditional,Good,10900,4750
Nanushka,Women's Bottoms,Like New,27300,17750
Tommy Hilfiger,Women's Tops,Good,3200,1350
Marks & Spencer,Men's Formal,Like New,6000,3600
Van Heusen,Women's Bottoms,Fair,3200,900
Jaypore,Men's Formal,Good,2000,1000
Tribe Amrapali,Women's Traditional,Like New,4600,3000
Shantanu & Nikhil,Footwear,Like New,30100,18950
Rangmanch,Women's Dresses,Fair,3600,950
Amrapali,Men's Outerwear,Good,9500,4850
Aurelia,Women's Tops,Like New,800,550
Nanushka,Women's Sets,Like New,27500,17100
Jaypore,Women's Tops,Good,4900,1800
Monte Carlo,Women's Dresses,Well Loved,2800,350
Calvin Klein,Women's Tops,New with tags,10800,7400
Reliance Trends,Women's Bottoms,Fair,1150,300
Forever 21,Men's Outerwear,Like New,800,550
Only,Men's Formal,Good,3300,1450
Anju Modi,Women's Bottoms,New with tags,9000,8050
Steve Madden,Women's Bottoms,New with tags,3600,3150
Van Heusen,Women's Bottoms,New with tags,2900,2200
Allen Solly,Women's Dresses,Like New,4500,2800
COS,Women's Outerwear,Like New,8500,5700
W,Men's Bottoms,Good,2500,1200
Arrow,Women's Bottoms,Good,4600,1600
Global Desi,Accessories,Well Loved,9300,1150
Levi's,Men's Outerwear,Good,7700,3850
Park Avenue,Women's Traditional,Like New,3400,2150
Ritu Wear,Footwear,Good,6000,3150
Forever 21,Women's Tops,Fair,3800,850
Calvin Klein,Women's Sets,Like New,12800,8450
Forever 21,Women's Dresses,Like New,1000,650
Forever 21,Women's Dresses,Fair,2700,700
Sabyasachi,Women's Tops,Well Loved,171600,20000
Masaba Gupta,Men's Tops,Well Loved,11300,1600
Toteme,Men's Formal,Like New,33900,20100
Toteme,Women's Tops,Fair,19100,3500
Nike,Footwear,Fair,5100,1600
New Balance,Women's Traditional,Like New,5300,3550
Marks & Spencer,Men's Tops,Like New,2900,1500
Ralph Lauren,Women's Outerwear,Fair,10700,3000
Anju Modi,Bags,New with tags,8200,7000
Local Brand,Men's Bottoms,Fair,400,100
Reformation,Footwear,Good,11200,4900
Nike,Women's Traditional,Fair,8000,2150
Zara,Women's Dresses,Fair,6000,1750
Pantaloons,Women's Tops,Like New,500,300
Abu Jani Sandeep Khosla,Footwear,New with tags,63900,50750
Under Armour,Men's Bottoms,Like New,7600,4600
Hidesign,Women's Dresses,Like New,8100,4950
ASOS,Women's Outerwear,Well Loved,2200,350
Adidas,Women's Traditional,New with tags,8300,6650
Clarks,Women's Sets,Fair,8400,2500
Lacoste,Women's Traditional,New with tags,5400,4200
Acne Studios,Women's Bottoms,Like New,44500,28300
Forever 21,Women's Bottoms,Good,3100,1450
Under Armour,Women's Dresses,Fair,6900,1600
Sangria,Women's Tops,Like New,3600,2150
ARKET,Men's Tops,Like New,17800,9300
Jaypore,Women's Outerwear,Good,1800,750
Anju Modi,Women's Traditional,Good,29600,13250
Aurelia,Men's Formal,Fair,2200,450
Nike,Men's Formal,Like New,4000,2350
Nine West,Women's Bottoms,Like New,7700,4850
Anju Modi,Women's Bottoms,Like New,24500,14150
Masaba Gupta,Women's Traditional,Like New,23400,16950
Chemistry,Women's Bottoms,Like New,2600,1700
Biba,Bags,Like New,3900,2750
Mango,Women's Dresses,Like New,1500,800
Masaba Gupta,Men's Tops,Like New,24500,14350
Vero Moda,Men's Tops,Good,3200,1150
Peter England,Women's Traditional,Good,2600,1150
Abu Jani Sandeep Khosla,Women's Bottoms,Like New,59500,32050
Adidas,Men's Outerwear,Like New,7500,5450
Louis Philippe,Women's Outerwear,Fair,1900,500
Uniqlo,Women's Outerwear,Good,3900,2000
Payal Singhal,Men's Outerwear,Good,8400,4700
Aurelia,Women's Sets,Like New,3800,2750
H&M,Women's Outerwear,Like New,700,600
Charles & Keith,Men's Bottoms,Good,4500,1750
New Balance,Women's Dresses,Good,5800,2300
Toteme,Women's Outerwear,Fair,18500,5400
Amrapali,Men's Formal,Like New,13900,8550
Ritu Kumar,Women's Bottoms,Like New,28500,15100
Vintage,Men's Formal,New with tags,0,500
No Brand,Women's Sets,Like New,800,500
Ralph Lauren,Women's Outerwear,Well Loved,7900,1050
Amrapali,Women's Tops,Good,14500,6150
Aurelia,Footwear,Good,900,450
No Brand,Men's Outerwear,Like New,200,150
Marks & Spencer,Men's Tops,Good,6400,2500
Abu Jani Sandeep Khosla,Women's Tops,Well Loved,65400,7550
Aurelia,Women's Traditional,Like New,3200,2300
Sabyasachi,Men's Tops,Good,92900,35500
FabIndia,Footwear,New with tags,2800,2300
Vero Moda,Women's Bottoms,Good,1800,750
Reformation,Women's Bottoms,Well Loved,10400,1450
Baggit,Women's Bottoms,Well Loved,4600,800
Reliance Trends,Men's Bottoms,Good,500,200
Mango,Men's Outerwear,Good,3400,1650
Forever 21,Women's Traditional,Like New,1800,1250
Ritu Wear,Women's Tops,New with tags,4300,3050
Peter England,Women's Traditional,Fair,2500,700
V-Mart,Accessories,Like New,550,300
Tarun Tahiliani,Men's Bottoms,Good,102700,45400
Jaypore,Women's Tops,Well Loved,5400,700
Charles & Keith,Men's Tops,Like New,8000,4600
Steve Madden,Men's Formal,Good,6800,2750
Mango,Women's Bottoms,Good,1800,700
Levi's,Women's Dresses,Good,8800,3850
Peter England,Men's Outerwear,New with tags,3000,2700
Abu Jani Sandeep Khosla,Women's Tops,Like New,65100,33900
Ralph Lauren,Women's Bottoms,New with tags,7300,5200
Aurelia,Men's Tops,Good,3700,1150
Peter England,Women's Bottoms,Like New,900,550
Vero Moda,Women's Dresses,New with tags,1500,1250
Clarks,Women's Tops,Fair,7600,1900
Manish Malhotra,Women's Tops,New with tags,51600,45000
Shantanu & Nikhil,Bags,Like New,17300,11950
Lacoste,Bags,Fair,9300,2200
Van Heusen,Footwear,Good,3000,1100
Anatomy,Women's Outerwear,Good,1300,600
Peter England,Women's Traditional,Like New,1300,1050
Nine West,Women's Tops,Good,6900,2950
Arrow,Bags,Like New,4200,2650
Levi's,Women's Bottoms,Like New,6900,4250
Marks & Spencer,Women's Bottoms,Good,5100,2000
Global Desi,Women's Bottoms,Good,2900,1150
Tommy Hilfiger,Women's Tops,Like New,6900,4400
Calvin Klein,Women's Dresses,Well Loved,5800,950
Abu Jani Sandeep Khosla,Women's Tops,Fair,58100,12650
Forever 21,Jewelry,Good,3400,1600
Local Brand,Women's Tops,Like New,800,550
Calvin Klein,Women's Traditional,Like New,3700,2500
Vans,Women's Tops,Good,7700,3050
Tarun Tahiliani,Women's Outerwear,Good,65700,29900
Nike,Men's Bottoms,New with tags,4700,3750
Sabyasachi,Women's Dresses,Good,70400,30900
Biba,Women's Tops,Fair,4000,950
Anita Dongre,Men's Bottoms,Good,31200,14100
Aurelia,Women's Bottoms,Like New,1000,600
Skechers,Men's Bottoms,New with tags,5200,3500
Local Brand,Jewelry,Like New,1400,950
& Other Stories,Men's Formal,Good,6000,2100
Tommy Hilfiger,Women's Tops,Like New,3200,2200
Park Avenue,Women's Tops,Fair,4100,850
Ritu Kumar,Women's Traditional,New with tags,22200,19980
Westside,Men's Outerwear,Good,2100,1000
FabIndia,Bags,Fair,4300,1350
Mango,Men's Tops,New with tags,9100,6400
Masaba Gupta,Women's Traditional,Good,5500,2650
Shantanu & Nikhil,Bags,Good,25800,9600
& Other Stories,Women's Tops,Fair,12400,3150
H&M,Women's Dresses,Good,2400,900
AND,Women's Tops,Good,7000,2250
Ralph Lauren,Men's Outerwear,Good,9600,4450
Pantaloons,Men's Bottoms,New with tags,3600,2750
Nine West,Men's Bottoms,Like New,4400,2750
ASOS,Women's Traditional,Like New,4400,2800
FabIndia,Men's Tops,Good,1900,700
Westside,Men's Outerwear,Like New,2300,1500
Calvin Klein,Men's Tops,Fair,5500,1250
Westside,Footwear,Good,1100,450
V-Mart,Women's Bottoms,Good,1100,450
Louis Philippe,Women's Outerwear,Like New,5000,3600
Clarks,Women's Sets,Like New,9600,6350
Toteme,Men's Bottoms,Good,23800,9700
Rangmanch,Women's Bottoms,Well Loved,2800,400
Hidesign,Men's Formal,Fair,18300,5700
Masaba Gupta,Men's Formal,Like New,8900,5050
Aldo,Men's Tops,Like New,4600,2550
AND,Women's Bottoms,Fair,2900,700
Monte Carlo,Women's Traditional,Fair,1700,450
New Balance,Women's Traditional,Fair,6100,2000
Puma,Women's Bottoms,Fair,6600,1250
AND,Women's Bottoms,Good,3500,1450
Adidas,Women's Bottoms,Fair,6300,1500
Vans,Women's Traditional,Good,7500,3150
& Other Stories,Accessories,Like New,11400,5800
Nine West,Men's Tops,Like New,6500,4400
Lacoste,Women's Bottoms,Fair,7200,1900
Louis Philippe,Footwear,Like New,5700,3800
Sabyasachi,Women's Tops,Like New,63500,41250
Anamika Khanna,Men's Outerwear,Like New,17600,12250
Steve Madden,Women's Tops,Well Loved,8700,1100
Uniqlo,Jewelry,New with tags,3900,3250
Vans,Footwear,Like New,5700,4150
Ritu Wear,Bags,Like New,7100,5450
New Balance,Men's Tops,New with tags,8800,6400
Abu Jani Sandeep Khosla,Women's Traditional,Fair,73900,18400
Puma,Men's Tops,Fair,2100,500
Baggit,Women's Sets,Good,1200,500
New Balance,Women's Traditional,Like New,5100,3000
Sabyasachi,Women's Tops,Well Loved,57600,6500
Anita Dongre,Women's Bottoms,Well Loved,13300,2150
Only,Men's Outerwear,Well Loved,2900,350
Lacoste,Women's Tops,Like New,4800,3100
Converse,Women's Tops,New with tags,5600,4200
Reliance Trends,Men's Outerwear,Fair,1100,300
Masaba Gupta,Men's Tops,Like New,10600,5450
Manish Malhotra,Men's Tops,Like New,93700,55400
Vero Moda,Women's Tops,Well Loved,3900,450
Skechers,Men's Bottoms,Good,5800,2150
Westside,Men's Tops,Like New,3100,1900
Chemistry,Women's Bottoms,Like New,2000,1250
Local Brand,Men's Tops,Fair,600,100
Puma,Men's Bottoms,New with tags,3300,2300
Park Avenue,Women's Tops,New with tags,2500,2000
Steve Madden,Women's Outerwear,Fair,8200,2700
Peter England,Men's Tops,Good,3900,1300
Vintage,Women's Traditional,Like New,0,2500
Baggit,Women's Outerwear,New with tags,1900,1700
Toteme,Women's Traditional,Good,19500,9250
COS,Women's Dresses,Fair,5400,1300
Masaba Gupta,Women's Dresses,Well Loved,17100,2000
Steve Madden,Women's Outerwear,Fair,7500,2100
No Brand,Women's Outerwear,Fair,900,250
Jaypore,Men's Bottoms,Like New,7300,4600
Monte Carlo,Men's Outerwear,Fair,2300,700
Anamika Khanna,Women's Bottoms,Well Loved,38100,6050
Only,Women's Traditional,Good,3500,1450
Skechers,Men's Bottoms,Fair,7200,1800
Lacoste,Men's Tops,Good,11600,4750
Tommy Hilfiger,Women's Bottoms,Good,7500,3250
Sangria,Men's Tops,Like New,3400,1900
Rohit Bal,Women's Traditional,New with tags,39400,34750
Shantanu & Nikhil,Bags,Like New,19200,13700
Reebok,Women's Bottoms,Good,3400,1350
Reliance Trends,Footwear,Like New,800,450
Anamika Khanna,Women's Outerwear,Fair,32200,6950
FabIndia,Women's Tops,Like New,2300,1300
Payal Singhal,Women's Dresses,Good,16900,7050
Tribe Amrapali,Footwear,Well Loved,8200,950
Chemistry,Women's Tops,Like New,4300,2150
Ritu Wear,Women's Tops,Like New,8900,5800
Masaba Gupta,Women's Dresses,Like New,10600,6400
Only,Men's Tops,Fair,1000,200
Reliance Trends,Footwear,New with tags,1150,850
Tommy Hilfiger,Men's Tops,New with tags,8200,6200
H&M,Women's Dresses,Good,2400,900
W,Women's Traditional,Like New,2400,1500
Nine West,Footwear,Good,6700,3300
Uniqlo,Women's Outerwear,Fair,1500,450
Vintage,Women's Bottoms,Like New,0,850
Nanushka,Women's Bottoms,Like New,22700,13750
Payal Singhal,Women's Outerwear,Good,12900,5850
Tarun Tahiliani,Women's Tops,Like New,71700,44350
Ritu Wear,Women's Traditional,Good,3900,2150
Vans,Women's Outerwear,Good,5500,2650
Only,Bags,Good,1800,950
W,Men's Tops,Fair,3800,750
Adidas,Women's Tops,Good,7700,3300
Rohit Bal,Women's Bottoms,Fair,67600,16250
W,Women's Traditional,Like New,2700,1650
Monte Carlo,Men's Tops,New with tags,3600,2750
Vans,Men's Formal,Like New,3900,2550
Thrift,Women's Tops,Good,950,400
Converse,Jewelry,Good,7000,3100
Sabyasachi,Women's Tops,New with tags,102400,71900
Louis Philippe,Women's Traditional,Good,3600,1450
Payal Singhal,Women's Dresses,Good,16700,7800
& Other Stories,Footwear,Like New,8200,5500
Charles & Keith,Women's Traditional,Like New,6700,4000
Toteme,Footwear,Good,11400,5450
Pantaloons,Women's Dresses,Good,3400,1350
Vero Moda,Women's Tops,Like New,3000,1650
Baggit,Women's Sets,Like New,4400,2900
Global Desi,Women's Dresses,Fair,5600,1200
Chemistry,Men's Bottoms,Good,1500,550
Rangmanch,Women's Dresses,Fair,2300,500
Anita Dongre,Women's Traditional,Fair,24700,6600
Pantaloons,Women's Tops,Like New,3400,1900
Only,Women's Traditional,Well Loved,4500,850
Only,Bags,Like New,1900,1300
Amrapali,Women's Outerwear,Good,5000,2450
No Brand,Women's Outerwear,Well Loved,350,100
Anamika Khanna,Women's Dresses,Like New,27800,14800
Reformation,Men's Tops,Good,17600,7950
Monte Carlo,Men's Formal,Good,2500,1050
Accessorize,Women's Sets,Fair,2700,850
Shantanu & Nikhil,Women's Sets,Well Loved,9600,1150
Aldo,Men's Bottoms,Like New,7300,4250
Global Desi,Men's Outerwear,Fair,5100,1100
& Other Stories,Women's Tops,Like New,9700,5300
Baggit,Women's Traditional,Well Loved,4800,650
Vero Moda,Women's Bottoms,Well Loved,4200,600
Global Desi,Women's Bottoms,Like New,5100,2700
H&M,Women's Bottoms,Like New,1300,850
Amrapali,Women's Traditional,Fair,5800,1600
Payal Singhal,Women's Tops,Like New,6200,3550
Tommy Hilfiger,Women's Traditional,New with tags,9800,8700
ASOS,Women's Outerwear,Good,2300,1100
Charles & Keith,Men's Outerwear,Fair,3000,900
Ralph Lauren,Women's Tops,Like New,19600,11650
Thrift,Women's Outerwear,Good,750,300
Under Armour,Women's Bottoms,Good,6000,1950
Tommy Hilfiger,Women's Dresses,New with tags,7400,6500
Levi's,Men's Tops,Good,5100,2000
V-Mart,Women's Outerwear,Like New,350,250
Skechers,Women's Sets,Like New,2600,1650
V-Mart,Women's Tops,Like New,1100,750
Hidesign,Women's Dresses,Like New,14100,8950
Uniqlo,Women's Bottoms,Like New,2900,1850
